"id","levelId","levelName","paperName","question","optionA","optionB","optionC","optionD","answer","answerIndex","explanation","enabled"
"lesson7-第七課-深藍的憂鬱-小卷-1","lesson7","第七課 深藍的憂鬱","第七課 深藍的憂鬱 小卷","下列「勝」字的讀音，何者與其他三者不同？","略「勝」一籌","引人入「勝」","美不「勝」收","旗開得「勝」","C","2","(A)(B)(D)ㄕㄥˋ(C)ㄕㄥ","TRUE"
"lesson7-第七課-深藍的憂鬱-小卷-2","lesson7","第七課 深藍的憂鬱","第七課 深藍的憂鬱 小卷","下列「 」中的「窮」字，何者字義為「荒僻、偏遠」？","「窮」鄉僻壤","層出不「窮」","家境貧「窮」","「窮」則獨善其身","A","0","(B)盡、止(C)貧乏、貧困(D)困厄、不顯達","TRUE"
"lesson7-第七課-深藍的憂鬱-小卷-3","lesson7","第七課 深藍的憂鬱","第七課 深藍的憂鬱 小卷","「連續打了幾天仗，敵軍突然偃旗息鼓，不知有何陰謀？」句中的「偃旗息鼓」換成下列哪個成語文意改變？","鳴金收兵","偃兵息甲","銷聲匿跡","重整旗鼓","D","3","(D)重新整頓發號施令的旗幟和戰鼓。比喻失敗後積聚力量，重新行動。(A)(B)(C)近義(D)反義","TRUE"
"lesson7-第七課-深藍的憂鬱-小卷-4","lesson7","第七課 深藍的憂鬱","第七課 深藍的憂鬱 小卷","把一個詞彙原來的詞性靈活地轉變為其他詞性的修辭，就稱為「轉品」。下列「 」中的字，何者屬於把名詞轉成副詞？","「雪」花片片","騎車「蛇」行","「落」 英繽紛","不「菸」不酒","B","1","(A)名詞轉形容詞(C)動詞轉形容詞(D)名詞轉動詞","TRUE"
"lesson7-第七課-深藍的憂鬱-小卷-5","lesson7","第七課 深藍的憂鬱","第七課 深藍的憂鬱 小卷","下列文句，何者有冗言贅字？","他從小就喜歡閱讀各類書籍，增廣見聞","老師在課堂上循循善誘，啟發學生思考","這篇文章的內容十分簡要扼要，容易理解","小美因為貪玩忘了寫作業，被老師批評","C","2","(C)「簡要」、「扼要」擇一刪","TRUE"
"lesson7-第七課-深藍的憂鬱-小卷-6","lesson7","第七課 深藍的憂鬱","第七課 深藍的憂鬱 小卷","「我已信心全失，沮喪得無地自容，只好偃旗息鼓，一個人躲在沒人知道的地方，放聲哭泣。」這段話可以推知，棋王當時的心境最接近下列何者？","因遭遇失敗而自覺羞辱，陷入低潮","因連續獲勝而感到孤單落寞","因被世人讚賞而心生驕傲","因比賽壓力過大而選擇放棄參賽","A","0","「信心全失」「沮喪」「無地自容」等詞都顯示因棋王因屢敗而自覺羞辱、陷入低潮，故選(A)","TRUE"
"lesson7-第七課-深藍的憂鬱-小卷-7","lesson7","第七課 深藍的憂鬱","第七課 深藍的憂鬱 小卷","「電腦即將接管世界了！人類的智慧還有用嗎？」這句話主要表現出何種含意？","擔心人類智慧將被電腦取代","科學家憂心電腦可能毀滅世界","棋王認為電腦智慧只是人類的附屬品","媒體渲染電腦的能力其實遠超人類","A","0","除了凸顯棋王對於連敗的挫敗，也顯示人類對智慧被電腦超越的恐懼，故選(A)","TRUE"
"lesson7-第七課-深藍的憂鬱-小卷-8","lesson7","第七課 深藍的憂鬱","第七課 深藍的憂鬱 小卷","「我常常在夢裡看到一個全身藍色衣服的翩翩少年站在我前面，絮絮叨叨說些我聽不懂的話」這段文字主要寓意為何？","少年代表人類未來的新希望","棋王因連敗而留下的創傷揮之不去","夢境顯示棋王即將贏回比賽","少年象徵人類與電腦和平共存","B","1","「夢裡不斷出現藍衣少年」象徵潛意識揮之不去的夢魘，正是被深藍擊敗帶來的心理創傷，故選(B)","TRUE"
"lesson7-第七課-深藍的憂鬱-小卷-9","lesson7","第七課 深藍的憂鬱","第七課 深藍的憂鬱 小卷","「深藍禮貌地對我鞠躬，我竟不自覺地對機器點頭。我面對的是一個可敬可怕的對手，卻不是人類。」這段文字主要揭示什麼意涵？","棋王意識到自己比深藍更有人性","棋王藉禮貌行為表示對深藍的熱愛","棋王一度忘卻深藍是電腦，顯示機器已極接近人類","棋王因對深藍的恐懼而決定棄賽","C","2","棋王「不自覺地點頭」代表把深藍當成人，暗示機器外貌與舉止幾乎與人無異，故選(C)","TRUE"
"lesson7-第七課-深藍的憂鬱-小卷-10","lesson7","第七課 深藍的憂鬱","第七課 深藍的憂鬱 小卷","關於深藍的憂鬱的寫作手法，下列敘述何者正確？","以棋王外型對比，強化深藍外形的聰慧俊美特徵","以懸疑鋪墊，引導讀者期待深藍勝利的最終結果","以情節轉折，呈現棋王從勝利走向失落的歷程","以形象翻轉，展現機器流露情感引發人性思考","D","3","深藍由冷酷的機器，最後竟「大聲哭起來」，甚至自稱「更像人類」。這種設計使人機界線模糊，引發思考，故選(D)。(A)未描述棋王的外型，也無對比(B)應該是棋局的輸贏結果，而非深藍的勝利(C)應是從失落到勝利","TRUE"
"lesson7-第七課-深藍的憂鬱-1","lesson7","第七課 深藍的憂鬱","第七課 深藍的憂鬱","下列有關「科幻小說」的寫作內容特色，何者說明最恰當？","題材須以已驗證的科學為內容","故事的時空背景經常超乎現實","具備有文學性及宗教性等特色","讀小說前須具備宇宙相關知識","B","1","(A) 常以想像中的科學為要素(C)宗教性不屬於科幻小說特色(D)無須具備","TRUE"
"lesson7-第七課-深藍的憂鬱-2","lesson7","第七課 深藍的憂鬱","第七課 深藍的憂鬱","深藍的憂鬱：「電腦即將接管世界了！人類的智慧還有用嗎？」上句中，透過棋王呈現出人類的什麼想法？","憂心人類將被電腦取代","激勵自我充實跟上時代腳步","對電腦的進步感到興奮期待","對於科技的進步感到無可奈何","A","0","此句呈現人類對於電腦智慧將要超越自己有著憂慮與恐懼，故選(A)","TRUE"
"lesson7-第七課-深藍的憂鬱-3","lesson7","第七課 深藍的憂鬱","第七課 深藍的憂鬱","本文以「深藍的憂鬱」為篇名，這樣命名的用意，最不可能是下列何者？","「深藍」是一具有人類型態的電腦名稱","因為植入腦中的電腦晶片是深藍色的","深藍電腦輸棋時發出憂鬱而沮喪的感嘆","棋王被深藍電腦打敗所以憂鬱","B","1","(B)文中未提及","TRUE"
"lesson7-第七課-深藍的憂鬱-4","lesson7","第七課 深藍的憂鬱","第七課 深藍的憂鬱","時忠想了解更多作家黃海的資料，請問他可以在電腦資料檢索系統中鍵入哪些關鍵字，就能最快得到相關資訊？","科學兒童編輯、科幻小說、兒童讀物","臺灣科幻小說先驅、聯合報編輯","黃炳煌、科幻作品、中山文藝獎","現代短篇小說、流浪地球、奇異航行記","C","2","(C)打出作者本名將最快找到其相關資料","TRUE"
"lesson7-第七課-深藍的憂鬱-5","lesson7","第七課 深藍的憂鬱","第七課 深藍的憂鬱","下列成語的詞性結構，何者與「偃旗息鼓」相同？","利令智昏","拋磚引玉","起承轉合","窮途末路","B","1","題幹與(B)動名動名。(A)名動名形(C)動動動動(D)形名形名","TRUE"
"lesson7-第七課-深藍的憂鬱-6","lesson7","第七課 深藍的憂鬱","第七課 深藍的憂鬱","「不管你站得多高，看得多遠，仍舊有無垠的空間看不盡；不論你算得多快，數得多久，仍然有無窮的時間數不清。」這段文字的意涵，與下列何者最為接近？","一山還有一山高","書到用時方恨少","萬物靜觀皆自得","學海無涯勤是岸","A","0","題幹強調無論站得多高、算得多快，仍有更廣大的空間與時間無法窮盡，意思接近「一山還有一山高」，表示人外有人、天外有天，故選(A)。(B)重在知識不足，(C)重在靜觀體會，(D)重在勤學，皆不合題意。","TRUE"
"lesson7-第七課-深藍的憂鬱-7","lesson7","第七課 深藍的憂鬱","第七課 深藍的憂鬱","下列「 」中的字詞，何者意思前後相同？","超群「絕」倫／「絕」妙好計","風度「翩翩」／「翩翩」起舞","情何以「堪」／足「堪」重任","「豎」起拇指／一橫一「豎」","C","2","(A) 卓越、獨一無二／極、非常(B)形容文采風流、舉止灑脫的樣子／形容動作輕盈(C)勝任、承受(D)使物體直立／國字筆畫名稱","TRUE"
"lesson7-第七課-深藍的憂鬱-8","lesson7","第七課 深藍的憂鬱","第七課 深藍的憂鬱","「我常常在夢裡看到一個全身藍色衣服的翩翩少年站在我面前，絮絮叨叨說些我聽不懂的話。」棋王的夢境反映了他內心的想法，下列何者推論正確？","為棋王和深藍電腦再次對戰的挫敗留下伏筆","翩翩少年有事託付，故於棋王的夢中出現","棋王無法聽懂深藍電腦所使用的電腦語言","棋王因為敗給了深藍電腦而極度恐懼不安","D","3","(A)再次對戰為棋王勝出(B)(C)文本中並未提及","TRUE"
"lesson7-第七課-深藍的憂鬱-9","lesson7","第七課 深藍的憂鬱","第七課 深藍的憂鬱","下列文句，何者通順合邏輯，沒有語病？","數年前慘敗的那件事早已塵封在回憶裡，到現在還是記憶猶新，歷歷在目","知名網紅酒駕，不服警察取締的新聞，迅速傳播，造成普羅大眾的負面形象","自從看了電影棋王大戰電腦之後，我就令劇中男主角所著迷，立刻變粉絲","由馬斯克航太公司所規畫的繞月之旅即將啟程，希望這趟旅程能讓各位滿意","D","3","(A)「塵封在回憶裡」與「記憶猶新」矛盾(B)應為「負面印象」(C)正確句型：我就為……著迷","TRUE"
"lesson7-第七課-深藍的憂鬱-10","lesson7","第七課 深藍的憂鬱","第七課 深藍的憂鬱","深藍的憂鬱中提到棋王與深藍最後一次對決時，「雙方行禮如儀，深藍禮貌地對我鞠躬，我竟不自覺地對機器點頭。」棋王點頭的原因應為下列何者？","棋王先禮後兵，展現人類風度","深藍氣場強大，令人膽戰心驚","深藍太像人類，棋王下意識回禮","深藍威力無敵，棋王不得已懾服","C","2","深藍的言行舉止太像人類，棋王甚至忘記他是電腦，因此不自覺地向他回禮，故選(C)","TRUE"
"lesson7-第七課-深藍的憂鬱-11","lesson7","第七課 深藍的憂鬱","第七課 深藍的憂鬱","棋王聽了科學家朋友提供的點子後，「展開了難得的微笑，心中長久的陰霾隨之消散，彷彿看到下一次比賽後的勝利歡呼，全人類也都在熱烈鼓掌。」關於這段文句的含義，下列說明何者錯誤？","棋王已經大獲全勝","朋友的方法足以逆轉勝","人類渴望戰勝電腦","棋王想像勝利後的情景","A","0","(A) 棋王此時尚未再一次對戰深藍","TRUE"
"lesson7-第七課-深藍的憂鬱-12","lesson7","第七課 深藍的憂鬱","第七課 深藍的憂鬱","深藍的憂鬱一文的結局，極具戲劇性。下列何者說明不正確？","深藍的激烈反應，凸顯機器人已具有人類情感","人腦取得勝利，確立電腦無法取代人類的主題","末句的巧妙的安排，顯示人工智慧的重大突破","利用情感的轉換描述，留下想像與省思的空間","B","1","(B)棋王取得勝利，但是因為超級電腦的晶片，難說是人腦的勝利，且未提及電腦無法取代人類，結局留下懸念","TRUE"
"lesson7-第七課-深藍的憂鬱-13","lesson7","第七課 深藍的憂鬱","第七課 深藍的憂鬱","深藍電腦屢屢打敗世界棋王，導致棋王信心全失。如果要安慰他，下列文句何者最適合？","君子要求自我修為，不奢求他人賞識","在磨難的考驗下，感恩益發難能可貴","沒有絕望的處境，只有對絕境絕望的人","用你的頭腦來處理自己，用你的心腸來對待別人","C","2","題幹說明要安慰受挫的棋王，故宜選(C)來鼓勵棋王不要對一再輸棋感到絕望，應力圖振作","TRUE"
"lesson7-第七課-深藍的憂鬱-14","lesson7","第七課 深藍的憂鬱","第七課 深藍的憂鬱","下列「 」中的詞語，何者經替換後意思不變？","歡迎大家「指點」，但謝絕惡意攻訐：指指點點","地基打得「扎實」，建築物才堅固：扎扎實實","人人各有「特色」，不該以貌取人：特特色色","雨水足，桃李樹上「結實」纍纍：結結實實","B","1","(A)指示、引導／在人背後批評、說閒話(B)堅固結實(C)事物所表現出獨特的色彩風格／無此用法(D)植物結成果實或種子／形容牢固","TRUE"
"lesson7-第七課-深藍的憂鬱-15","lesson7","第七課 深藍的憂鬱","第七課 深藍的憂鬱","(甲)潰不成軍(乙)倚馬可待(丙)丟盔棄甲(丁)叱吒風雲(戊)土崩瓦解(己)敗興而歸。以上哪些成語可以用來表示「慘敗」的狀況？","甲乙丙","乙戊己","甲丙戊","丙丁己","C","2","「潰不成軍」、「丟盔棄甲」、「土崩瓦解」都可形容戰敗或局勢崩潰的慘敗狀況，所以是甲、丙、戊，故選(C)。「倚馬可待」形容文思敏捷，「叱吒風雲」形容聲勢威猛，「敗興而歸」只是掃興離開，不能表示慘敗。","TRUE"
"lesson7-第七課-深藍的憂鬱-16","lesson7","第七課 深藍的憂鬱","第七課 深藍的憂鬱","「犯疑心病的人是一種慢性自殺。」（愛默生）這句話的寓意，與下列哪一個成語最相近？","大而化之","處心積慮","杯弓蛇影","掩耳盜鈴","C","2","(A)形容人做事不謹慎、不細心、不拘小節(B)千方百慮，蓄意已久(C)比喻為不存在的事情枉自驚擾(D)比喻妄想瞞騙他人，結果卻只是欺騙自己而已","TRUE"
"lesson7-第七課-深藍的憂鬱-17","lesson7","第七課 深藍的憂鬱","第七課 深藍的憂鬱","「每個人都有一首屬於自己的歌。問題是：你想不想把它彈出來。」下列何者最貼近此段文意？","青春不需要留白","活出生命的色彩","音樂是靈魂的詩","傾聽內心的聲音","B","1","文章強調要把屬於自己的歌「彈出來」，意思是展現自我、活出自己獨特的生命色彩，故選(B)。","TRUE"
"lesson7-第七課-深藍的憂鬱-18","lesson7","第七課 深藍的憂鬱","第七課 深藍的憂鬱","「吳諄是個下棋高手，但今年他的表現不算好，得勝率只有五成多一點，就他的棋力與威望而言，這個成績算很差。往年棋藝和他不分軒輊的宗憲，今年略勝一籌。吳諄的勁敵蔡宇說：『吳諄弈棋每到終盤時，棋勢往往後勁不足，而給對手可乘之機。』」根據本文，下列敘述何者正確？","吳諄今年賽事的勝場多過敗場","宗憲一直是吳諄的手下敗將","吳諄常因體力不濟而遭滑鐵盧","吳諄常在棋局開始就勝券在握","A","0","根據「得勝率只有五成多一點」可知勝場多過敗場，故選(A)。(B)宗憲往年和吳諄不分軒輊，今年宗憲略勝一籌(C)是棋勢後勁不足，不是體力不濟(D)文中未提及","TRUE"
"lesson7-第七課-深藍的憂鬱-19","lesson7","第七課 深藍的憂鬱","第七課 深藍的憂鬱","「治平元年，常州日禺時，天有大聲如雷，乃一大星，幾如月，見於東南。少時而又震一聲，移著西南。又一震而墜在宜興縣民許氏園中。遠近皆見，火光赫然照天，許氏藩籬皆為所焚。是時火息，視地中有一竅如柸大，極深。下視之，星在其中熒熒然，良久漸暗，尚熱不可近。又久之，發其竅，深三尺餘，乃得一圓石，猶熱，其大如拳，一頭微銳，色如鐵，重亦如之。」（沈括 夢溪筆談）上文敘述的是何種自然現象？","閃電","地震","隕石","龍捲風","C","2","文中描述天空有大聲如雷的大星墜落，地面被燒出深洞，最後取得一顆仍發熱、色如鐵的圓石，這些特徵符合隕石墜落，故選(C)。閃電、地震、龍捲風都不會留下這樣的發熱圓石。","TRUE"
"lesson7-第七課-深藍的憂鬱-20","lesson7","第七課 深藍的憂鬱","第七課 深藍的憂鬱","「冒險家不怕坎坷與驚險，發明家無懼油汙與毒氣。有足不出戶的哲學家，有每天不眠不休的科學家。這些在他人眼中無法理解的瘋狂與追求，只能說是出於□□。」根據這段文字的文意脈絡，空格處填入下列何者最恰當？","命運","習慣","智慧","興趣","D","3","冒險家、發明家、哲學家、科學家的瘋狂追求，重點在他們樂於投入且願意承受辛苦，因此空格最適合填「興趣」，故選(D)。「命運」、「習慣」、「智慧」都無法承接這種主動追求與熱愛。","TRUE"
"lesson8-第八課-陋室銘-小卷-1","lesson8","第八課 陋室銘","第八課 陋室銘 小卷","下列「 」中的字，何者前後讀音不同？","褻「瀆」神明／初生之「犢」","初出茅「廬」／「蘆」筍汁","物美價「廉」／垂「簾」聽政","「糯」米飯糰／相「濡」以沫","D","3","(A)ㄉㄨˊ(B)ㄌㄨˊ(C)ㄌㄧㄢˊ(D)ㄋㄨㄛˋ／ㄖㄨˊ","TRUE"
"lesson8-第八課-陋室銘-小卷-2","lesson8","第八課 陋室銘","第八課 陋室銘 小卷","下列「 」中的「素」字，何者為「一向的、平日的」之義？","「素」行不良","留蚊於「素」帳中","尸位「素」餐","穿著樸「素」","A","0","(B)白色的(C)空的、平白的(D)不加雕飾的","TRUE"
"lesson8-第八課-陋室銘-小卷-3","lesson8","第八課 陋室銘","第八課 陋室銘 小卷","下列倒裝句語序還原的對應，何者有誤？","何難之有→難有何事","菊之愛→愛菊","馬首是瞻→瞻馬首","唯兄嫂是依→唯依兄嫂","A","0","(A)有何難","TRUE"
"lesson8-第八課-陋室銘-小卷-4","lesson8","第八課 陋室銘","第八課 陋室銘 小卷","下列借代事物與借代本體的配對，何者正確？","東道主：女婿","梨園子弟：富貴人家子弟","「杏壇」之光：教育界","造福「桑梓」：國家","C","2","(A)主人(B)演藝人員(D)故鄉家園","TRUE"
"lesson8-第八課-陋室銘-小卷-5","lesson8","第八課 陋室銘","第八課 陋室銘 小卷","下列文句，何者有冗言贅字？","他向來勤奮努力，深受同學敬重","這幅畫的色調繁多豐富，極為搶眼","弟弟天真爛漫，常常逗得大家哈哈大笑","我們必須認真準備，迎接即將到來的考試","B","1","(B)「繁多」、「豐富」擇一刪","TRUE"
"lesson8-第八課-陋室銘-小卷-6","lesson8","第八課 陋室銘","第八課 陋室銘 小卷","「山不在高，有仙則名；水不在深，有龍則靈。」關於這段話的理解，下列何者正確？","山水是否出名，全在於外型壯麗","居住的地方能因居住者的德行而有價值","山水必須高深，才會有神仙居住","只有仙人、龍神，才能使人獲得名聲","B","1","作者以山水比喻居室，指出地位或外觀並不重要，真正重要的是居住者的品德，故選(B)","TRUE"
"lesson8-第八課-陋室銘-小卷-7","lesson8","第八課 陋室銘","第八課 陋室銘 小卷","「斯是陋室，惟吾德馨。」本句話的寓意最接近下列何者？","陋室雖小，但因景色優美而可貴","陋室清靜，才會讓人忘卻世俗煩惱","陋室簡陋，卻因主人品德而不陋","陋室孤寂，反而讓人心情沉澱思索","C","2","「惟吾德馨」是全文核心，強調德行可使陋室不陋，故選(C)","TRUE"
"lesson8-第八課-陋室銘-小卷-8","lesson8","第八課 陋室銘","第八課 陋室銘 小卷","「無絲竹之亂耳，無案牘之勞形」主要反映了作者對生活的什麼態度？","追求官場功名，為民奔走辛勞","崇尚幽靜生活，不慕權勢繁華","喜愛音樂宴樂，時常陶醉其中","熱衷政務公文，十分樂在其中","B","1","此處強調沒有嘈雜樂音與公務文件干擾，反映作者珍惜閒適幽靜的生活，故選(B)","TRUE"
"lesson8-第八課-陋室銘-小卷-9","lesson8","第八課 陋室銘","第八課 陋室銘 小卷","下列敘述，何者最貼近作者寫「南陽 諸葛廬，西蜀 子雲亭」的用意？","作者羨慕前人居住豪華住宅","作者引用古人事蹟，增加文章氣勢","作者批評諸葛亮與揚雄隱居無用","作者自比前賢，冀望志業有成","D","3","作者藉由歷史人物的居所，表明自己品德才華可與前賢比肩，並期待未來有所作為，故選(D)","TRUE"
"lesson8-第八課-陋室銘-小卷-10","lesson8","第八課 陋室銘","第八課 陋室銘 小卷","關於陋室銘的寫作手法，下列敘述何者正確？","全文多以散句為主，句式雜亂無章","文章僅寫景抒情，沒有議論鋪陳","文中多用對偶句，音韻和諧節奏明快","主要依靠華麗詞藻，展現奢華氣勢","C","2","(A)除了最後一句是散句，其餘皆為對偶句，並不雜亂(B)全文除了寫景抒情，還有議論(D)文章不以華麗詞藻為主","TRUE"
"lesson8-第八課-陋室銘-1","lesson8","第八課 陋室銘","第八課 陋室銘","下列「 」內的「丁」字，何者不是指人？","目不識「丁」","庖「丁」解牛","人「丁」單薄","往來無白「丁」","A","0","(A)字，比喻極易認識的字","TRUE"
"lesson8-第八課-陋室銘-2","lesson8","第八課 陋室銘","第八課 陋室銘","下列哪個「之」字的詞性，和「何陋之有」的「之」字不同？","無絲竹「之」亂耳","無案牘「之」勞形","蓮「之」愛，同予者何人","學而時習「之」，不亦說乎","D","3","題幹與(A)(B)(C)助詞。(D)代詞","TRUE"
"lesson8-第八課-陋室銘-3","lesson8","第八課 陋室銘","第八課 陋室銘","下列「 」中的字，何者用來表示真正的顏色？","草色入簾「青」","往來無「白」丁","可以調「素」琴","閱「金」經","A","0","(B)指不識字的(C)不加雕飾的(D)珍藏的","TRUE"
"lesson8-第八課-陋室銘-4","lesson8","第八課 陋室銘","第八課 陋室銘","「山不在高，有仙則名；水不在深，有龍則靈。」有關這四句的暗喻，下列何者說明正確？","以「山」、「水」比喻作者自己","以「仙」、「龍」比喻陋室","以「山」、「仙」比喻作者自己，以「水」、「龍」比喻陋室","以「山」、「水」比喻陋室，以「仙」、「龍」比喻作者自己","D","3","以「山」、「水」比喻居室；「仙」、「龍」比喻有品德、學識的人，暗指自己，故選(D)","TRUE"
"lesson8-第八課-陋室銘-5","lesson8","第八課 陋室銘","第八課 陋室銘","「苔痕上階綠」除了顯現陋室生意盎然之外，還有下列哪種暗示？","少有訪客","天常陰雨","住處偏遠","交通不便","A","0","(A)由於少有訪客，才會綠苔滿階","TRUE"
"lesson8-第八課-陋室銘-6","lesson8","第八課 陋室銘","第八課 陋室銘","「談笑有鴻儒，往來無白丁。」這二句是借客人來襯托主人的何種人格特質？","一意孤行","目空一切","高傲不群","高雅脫俗","D","3","以客人的庸俗襯托主人的高雅脫俗，才德兼備，故選(D)","TRUE"
"lesson8-第八課-陋室銘-7","lesson8","第八課 陋室銘","第八課 陋室銘","「孔子云：『何陋之有？』」作者在這句話之前，其實還隱藏了下列何句？","有仙則名","君子居之","斯是陋室","惟吾德馨","B","1","出自論語 子罕：「子曰：『君子居之，何陋之有？』」故選(B)","TRUE"
"lesson8-第八課-陋室銘-8","lesson8","第八課 陋室銘","第八課 陋室銘","下列「 」中的字，何者字形應用錯誤？","以身作「則」","「鴻」圖大展","舐「牘」情深","毫無瓜「葛」","C","2","(C)舐「牘」情深→犢","TRUE"
"lesson8-第八課-陋室銘-9","lesson8","第八課 陋室銘","第八課 陋室銘","下列有關陋室銘一文的敘述，何者正確？","本文句子全採對仗形式","本文以「惟吾德馨」貫串全文","開頭四句點明題旨，採用破題法","押韻字有「名、靈、青、丁、經、形、亭」","B","1","(A)並非通篇對仗(C)開頭六句(D)名、靈、馨、青、丁、經、形、亭","TRUE"
"lesson8-第八課-陋室銘-10","lesson8","第八課 陋室銘","第八課 陋室銘","諸葛亮 出師表：「臣本布衣，躬耕於南陽，全性命於亂世，不求聞達於諸侯。」由上文可知，諸葛亮的出身為何？","貴族","富商","平民","奴隸","C","2","「布衣」原指古代平民所穿的衣服，後借代為平民，故選(C)","TRUE"
"lesson8-第八課-陋室銘-11","lesson8","第八課 陋室銘","第八課 陋室銘","下列「 」中的字，何者音義的說明完全正確？","「斯」是陋室：音ㄙ，這、此","談笑有「鴻」儒：音ㄏㄨㄥˊ，知名度很高","可以「調」素琴：音ㄉㄧㄠˋ，彈奏、撫弄","案「牘」：音ㄉㄨˊ，書桌","A","0","(B)大(C)音ㄊㄧㄠˊ(D)書寫文字的木片","TRUE"
"lesson8-第八課-陋室銘-12","lesson8","第八課 陋室銘","第八課 陋室銘","岳飛常為公務煩心，請問下列哪一個詞語不適合形容他為公務所操勞？","案牘勞形","絲竹亂耳","日理萬機","塵務經心","B","1","(C)形容工作非常繁重(D)俗事纏繞於心","TRUE"
"lesson8-第八課-陋室銘-13","lesson8","第八課 陋室銘","第八課 陋室銘","下列各句「 」中的字，何者詞性前後相同？","無絲竹之「亂」耳，無案牘之勞「形」","斯是「陋」室，惟「吾」德馨","水不在「深」，有龍則「靈」","南陽 諸葛「廬」，西蜀 子雲「亭」","D","3","(A)動詞／名詞(B)形容詞／代詞(C)形容詞／動詞(D)名詞","TRUE"
"lesson8-第八課-陋室銘-14","lesson8","第八課 陋室銘","第八課 陋室銘","下列文句，何者用字完全正確？","農夫在田裡忙插秧，汗流夾背也無法休息","這道數學題實在太難，小老師也一籌莫展","本學期的模範生選舉，正如火如茶地展開","他對什麼事都寞不關心，簡直是麻木不仁","B","1","(A)汗流「夾」背→浹(C)如火如「茶」→荼(D)「寞」不關心→漠","TRUE"
"lesson8-第八課-陋室銘-15","lesson8","第八課 陋室銘","第八課 陋室銘","由「南陽 諸葛廬，西蜀 子雲亭」二句，可推知作者的何種心意？","曲高和寡，孤芳自賞","見賢思齊，待機而出","熱衷名利，不甘黯淡","離群索居，與世隔絕","B","1","題幹暗示自己和孔明、揚雄一樣靜待時機，以期一展抱負，名留青史，故選(B)","TRUE"
"lesson8-第八課-陋室銘-16","lesson8","第八課 陋室銘","第八課 陋室銘","「可以調素琴，閱金經。無絲竹之亂耳，無案牘之勞形。」這段文字主要說明了下列何種情景？","陋室不受親朋好友的打擾","陋室的藏書十分豐富","陋室主人能力足以獨當一面","陋室主人的悠閒自在","D","3","(A)是指不受到俗世應酬的干擾(B)未提及(C)此句未提及與能力相關的內容","TRUE"
"lesson8-第八課-陋室銘-17","lesson8","第八課 陋室銘","第八課 陋室銘","「何陋之有」是倒裝句，下列何者也使用了這種句型？","常射於家圃","舌一吐而二蟲盡為所吞","甚矣，汝之不惠","三人行，必有我師焉","C","2","(C)還原：汝之不惠甚矣","TRUE"
"lesson8-第八課-陋室銘-18","lesson8","第八課 陋室銘","第八課 陋室銘","下列句型的說明，何者不正確？","苔痕上階綠：表態句","草色入簾青：敘事句","往來無白丁：有無句","閱金經：敘事句","A","0","(A)敘事句","TRUE"
"lesson8-第八課-陋室銘-19","lesson8","第八課 陋室銘","第八課 陋室銘","讀完陋室銘，芝芝夢到自己在劉禹錫的書房參觀，她在汗牛充棟的書房中發現一本不可能出現的書，請問這本書應為下列何者？","許慎的說文解字","劉義慶的世說新語","蕭統的昭明文選","歐陽脩的歐陽文忠公全集","D","3","劉禹錫生於唐代，不可能讀過宋代 歐陽脩的著作，故選(D)。(A)東漢(B)魏晉南北朝(C)魏晉南北朝","TRUE"
"lesson8-第八課-陋室銘-20","lesson8","第八課 陋室銘","第八課 陋室銘","詩云：「時人莫小池中水，淺處無妨有臥龍。」此與陋室銘中的哪一句意思相通？","斯是陋室，惟吾德馨","往來無白丁","無案牘之勞形","苔痕上階綠","A","0","題幹與(A)都表達即使處於簡陋或淺小的環境，也可能因其中具有不凡價值而不平凡。「淺處無妨有臥龍」呼應「斯是陋室，惟吾德馨」，所以選(A)。","TRUE"
"lesson8-第八課-陋室銘-21","lesson8","第八課 陋室銘","第八課 陋室銘","「綠建築是指：消耗最少地球能源及資源，製造最少廢棄物，具有生態、節能，健康特性與減廢的建築物。必須是以人生活的健康、舒適為原點，對於居住環境進行全面性、系統性的環保設計。」下列關於綠建築的敘述，何者正確？","綠建築多使用植物做為建材，呈現多樣化的生態","綠建築多為了客製化，以小空間設計為主","綠建築主打耐久性，建築物能夠歷久不衰","綠建築的設計以人為原點，必須能住得舒服","D","3","(A)使用消耗最少地球能源及資源的建材來設計(B)進行全面性、系統性的設計(C)以具有生態、節能，健康特性與減廢的特性為主","TRUE"
"lesson8-第八課-陋室銘-22","lesson8","第八課 陋室銘","第八課 陋室銘","「窮苦的物質生活使我居住在狹小髒亂的違建，但是對我來說，這卻像是皇宮一樣舒適，因為我無時無刻不專注於自我的修養。」這兩句話的意思與下列何者最接近？","一枝草，一點露","君子居之，何陋之有","登高必自卑，行遠必自邇","欲窮千里目，更上一層樓","B","1","題幹強調物質環境雖然狹小髒亂，但因專注於自我修養而感到舒適，意思最接近「君子居之，何陋之有」，故選(B)。(A)強調天無絕人之路，(C)強調循序漸進，(D)強調登高望遠，都不合題意。","TRUE"
"lesson8-第八課-陋室銘-23","lesson8","第八課 陋室銘","第八課 陋室銘","「寧為小人之所罵，毋為君子之所鄙。」這句話的寓意，與下列何者最接近？","美德與羞辱是不能相容的","堅持正道，絕不從眾媚俗","凡事率性而為，毋須盡如人意","人有準繩規矩，才知平直方圓","B","1","題幹「寧為……，毋為……」表示一種價值的選擇，「寧為小人之所罵」所以絕不從眾媚俗，「毋為君子之所鄙」所以必須堅持正道。故選(B)","TRUE"
"lesson8-第八課-陋室銘-24","lesson8","第八課 陋室銘","第八課 陋室銘","下列借代詞語的運用，何者不正確？","李博士在大學執教多年，桃李滿天下，堪稱「杏壇」之光","「祝融」肆虐，不但屋倒路毀，連魚塭裡的虱目魚也全部流失","劉大姊憑百萬資金創業，不到十年，便成為直銷界的龍頭，真是「巾幗」不讓鬚眉","王大明熱心公益，敢衝敢說，常常代替勞工向資方爭取權益，是「藍領」階級的代言人","B","1","(B)「祝融」借代為火或火災，與句意不合","TRUE"
"lesson8-第八課-陋室銘-25","lesson8","第八課 陋室銘","第八課 陋室銘","(甲)陋室「銘」(乙)愛蓮「說」(丙)有恆「箴」。請問上述「 」中的文體，何者作用最相近？","甲乙","乙丙","甲丙","甲乙丙","C","2","(甲)銘：用以記述功德或警戒自勉的文字(乙)說：用來闡述某種道理或主張的文章(丙)箴：以表達規勸性質為主題","TRUE"
"lesson9-第九課-鳥-小卷-1","lesson9","第九課 鳥","第九課 鳥 小卷","下列「 」中的字，何者讀音前後相同？","飲「啄」方便／大筆如「椽」","「搏」扶搖而直上／手無「縛」雞之力","打了飽「嗝」／橫「膈」膜","聲音「嘹」亮／清楚明「瞭」","C","2","(A)ㄓㄨㄛˊ／ㄔㄨㄢˊ，(B)ㄅㄛˊ／ㄈㄨˊ，(C)皆讀ㄍㄜˊ，(D)ㄌㄧㄠˊ／ㄌㄧㄠˇ，故選(C)。","TRUE"
"lesson9-第九課-鳥-小卷-2","lesson9","第九課 鳥","第九課 鳥 小卷","下列「絕」字的字義，何者與「淒絕的哀樂」的「絕」字義相同？","「絕」妙好辭","滔滔不「絕」","「絕」無僅有","「絕」代風華","A","0","題幹與(A)極、非常，(B)停止、竭盡(C)必定、鐵定(D)卓越、獨一無二","TRUE"
"lesson9-第九課-鳥-小卷-3","lesson9","第九課 鳥","第九課 鳥 小卷","下列關於課文修辭的判斷，何者正確？","我感覺興味的不是那人的悠閒，卻是那鳥的苦悶：轉化","簡直是一派和諧的交響樂：誇飾","世界上的生物，沒有比鳥更俊俏的：譬喻","好銳利的喜悅刺上我的心頭：轉化","D","3","(A)映襯(B)譬喻(C)誇飾","TRUE"
"lesson9-第九課-鳥-小卷-4","lesson9","第九課 鳥","第九課 鳥 小卷","「他遇貴人提拔，在官場上步步高升，扶搖直上。」請問句中「扶搖直上」可換成下列哪個成語而文意不變？","江郎才盡","杯水車薪","平步青雲","坐井觀天","C","2","(A)比喻文人的才思枯竭，無法再創佳句(B)比喻力量太小，無濟於事(C)比喻順利晉升到顯要的地位(D)比喻人眼界狹小，見識不廣","TRUE"
"lesson9-第九課-鳥-小卷-5","lesson9","第九課 鳥","第九課 鳥 小卷","下列文句，何者有冗言贅字？","經過多年的辛勤耕耘，他終於獲得成功","他對問題提出了許多嶄新的創新想法","妹妹說話聲音輕柔婉轉，十分動聽","父母含辛茹苦地撫養孩子長大成人","B","1","(B)「嶄新」、「創新」擇一刪","TRUE"
"lesson9-第九課-鳥-小卷-6","lesson9","第九課 鳥","第九課 鳥 小卷","「我感覺興味的不是那人的悠閒，卻是那鳥的苦悶。」關於這句話的解讀，何者正確？","作者欣賞養鳥人閒散的生活態度","作者關注鳥失去自由的悲苦處境","作者喜歡觀察人和鳥的和諧互動","作者認為養鳥能增添生活樂趣","B","1","作者的目光並不在於養鳥人的閒適，而在於鳥因被禁錮而失去自由的痛苦，故選(B)","TRUE"
"lesson9-第九課-鳥-小卷-7","lesson9","第九課 鳥","第九課 鳥 小卷","「有的一聲長叫，包括著六、七個音階；有的只是一個聲音，圓潤而不覺其單調；有時是獨奏，有時是合唱，簡直是一派和諧的交響樂。」請問這段文字最能表現什麼？","作者將鳥鳴視為音樂，感受到其多樣與美妙","作者厭惡鳥鳴聲吵雜，覺得影響生活安寧","作者認為鳥鳴雖有旋律，但遠不及人類音樂","作者用鳥鳴襯托四川的環境嘈雜與喧囂","A","0","這段大量運用音樂詞彙［音階、獨奏、合唱、交響樂］，說明鳥鳴不僅多樣而且美妙，故選(A)","TRUE"
"lesson9-第九課-鳥-小卷-8","lesson9","第九課 鳥","第九課 鳥 小卷","「看牠高踞枝頭，臨風顧盼─好銳利的喜悅刺上我的心頭」請問從這句話推論作者的心情最可能是什麼？","因鳥姿態靈動，心中充滿喜悅與振奮","因鳥俯視眾生，心裡感到自由的渴望","因鳥孤立枝頭，心裡湧起孤單與寂寞","因鳥顧盼人群，心裡浮現不安與驚懼","A","0","此句描述鳥的靈動之美，讓作者心中的喜悅被激發，故選(A)","TRUE"
"lesson9-第九課-鳥-小卷-9","lesson9","第九課 鳥","第九課 鳥 小卷","「自從離開四川以後，不再容易看見那樣多型類的鳥的跳盪，也不再容易聽到那樣悅耳的鳥鳴」這段文字最能傳達作者的什麼心境？","不太習慣四川生活，因此不願再回想","高興不必再被鳥聲吵醒，覺得耳根清靜","想到四川鳥太多，感到厭煩與不耐","感嘆美好景象已逝，心中生出失落與懷念","D","3","作者用「不再容易」兩次，表現出對過往美好經驗的惋惜與懷念，故選(D)","TRUE"
"lesson9-第九課-鳥-小卷-10","lesson9","第九課 鳥","第九課 鳥 小卷","關於鳥一文的寫作手法，下列敘述何者正確？","全文只寫鳥的形體，完全不提鳥的聲音","第二段採對比與反諷，凸顯鳥的苦悶與可憐","文章大量堆砌艱澀詞語，展現絢麗文采","作者只陳述事實，沒有表達情感想像","B","1","(A)第三段完整寫鳥鳴，並用「交響樂」比喻(B)第二段寫籠中鳥的「優待」實為束縛，就是反諷；同時將人的悠閒與鳥的苦悶對比，凸顯鳥的困境，呈現愛鳥與憐鳥之情(C)文字並未堆砌詞藻(D)文中充滿作者的情感［酸楚、喜悅］與想像［交響樂］","TRUE"
"lesson9-第九課-鳥-1","lesson9","第九課 鳥","第九課 鳥","下列各選項□中的字，何者填入的注音、國字完全正確？","□悔：ㄔㄣˋ，懺","抽□：ㄑㄧㄢ，籤","□滅：ㄑㄧㄢ，殲","一語成□：ㄔㄢˋ，懺","B","1","(A) ㄔㄢˋ(C)ㄐㄧㄢ(D)ㄔㄣˋ，讖","TRUE"
"lesson9-第九課-鳥-2","lesson9","第九課 鳥","第九課 鳥","下列「 」中的形似字，何組讀音前後相同？","「褪」色／「退」步","豐「腴」／須「臾」","日「晷」／歸「咎」","管「弦」／「玄」端","B","1","(A)ㄊㄨㄣˋ／ㄊㄨㄟˋ(B)ㄩˊ(C)ㄍㄨㄟˇ／ㄐㄧㄡˋ(D)ㄒㄧㄢˊ／ㄒㄩㄢˊ","TRUE"
"lesson9-第九課-鳥-3","lesson9","第九課 鳥","第九課 鳥","有一些詞語必須由兩個或兩個以上的音節合起來才能完整表達意義，例如「枇杷」。下列何者並非屬於這類詞語？","徘徊","葡萄","玲瓏","瞵視","D","3","(D)瞵：注視／視：看、見","TRUE"
"lesson9-第九課-鳥-4","lesson9","第九課 鳥","第九課 鳥","下列選項「 」中的字，何者不是指顏色？","「素」帳","「釉」綠","「縞」衣","青紅「皂」白","B","1","(A)(C)白色的(B)瓷器表面上所塗的光滑質料(D)黑","TRUE"
"lesson9-第九課-鳥-5","lesson9","第九課 鳥","第九課 鳥","下列哪一句話最能表現出「倏」字所表達出來的動態美？","牠像虹似地一下就消逝了","一行白鷺上青天","在天空盤旋","臨風顧盼","A","0","「倏」意思為急速、極快，故選(A)","TRUE"
"lesson9-第九課-鳥-6","lesson9","第九課 鳥","第九課 鳥","「鳥到了這種地步，我想牠的苦悶，大概是僅次於黏在膠紙上的蒼蠅；牠的快樂，大概是僅優於在標本室裡住著罷？」上文使用了哪些修辭？","誇飾、轉化","誇飾、譬喻","類疊、設問","設問、層遞","C","2","由「牠的苦悶，大概是……牠的快樂，大概是」可知為類疊；「大概是僅優於在標本室裡住著罷？」為設問，故選(C)","TRUE"
"lesson9-第九課-鳥-7","lesson9","第九課 鳥","第九課 鳥","依據梁實秋在鳥一文摹寫鳥兒的聲音，下列何者敘述正確？","用「清脆」、「嘹亮」形容鴟梟的叫聲","用「淒絕的哀樂」來形容烏鴉的聲音","用「呱呱噪啼」來形容杜鵑的叫聲","用「吱吱喳喳」描寫麻雀的聲音","D","3","(A)形容四川的鳥叫(B)形容杜鵑(C)形容烏鴉","TRUE"
"lesson9-第九課-鳥-8","lesson9","第九課 鳥","第九課 鳥","下列各選項「 」中的字，何者詞性為動詞？","「拳」著一條腿","「倏」地振翅飛去","「竟」是淒絕的哀樂","煙「突」冒煙的時候","A","0","(B)(C)副詞(D)名詞〔煙囪〕","TRUE"
"lesson9-第九課-鳥-9","lesson9","第九課 鳥","第九課 鳥","下列選項「 」中的字，何組意思前後相同？","僅優「於」在標本室裡住著／「於」心不忍","「竟」是淒絕的哀樂／「竟」日不發一語","臨風「顧」盼／三「顧」茅廬","煙「突」冒煙／曲「突」徙薪","D","3","(A)比／對(B)居然／全、整(C)看視、張望／拜訪、探望(D)煙囪","TRUE"
"lesson9-第九課-鳥-10","lesson9","第九課 鳥","第九課 鳥","梁實秋所寫的鳥一文中，下列各聽覺摹寫所描述的時間：(甲)市聲鼎沸(乙)窗外是一片鳥囀(丙)才又聽到杜鵑叫(丁)寒鴉在古木上鼓噪。由黎明到深夜排序應為下列何者？","丁丙乙甲","丙甲乙丁","乙甲丁丙","甲乙丙丁","C","2","黎明時，窗外是一片鳥囀→旭日高升，市聲鼎沸→黃昏時偶爾還聽見寒鴉在古木上鼓噪→一直等到夜晚，才又聽到杜鵑叫","TRUE"
"lesson9-第九課-鳥-11","lesson9","第九課 鳥","第九課 鳥","「千里□毛、□飛魚躍、□鰈情深、□蚌相爭、□占鵲巢、□雀無聲」，以上成語缺空處，各應填入什麼字？","鵝、鷸、鶼、鳶、鳩、鴨","鵝、鳶、鶼、鷸、鳩、鴉","鷸、鳩、鵝、鷸、鳶、雞","鷸、鴉、鶉、鳶、鶼、鳩","B","1","正確成語依序是「千里鵝毛」、「鳶飛魚躍」、「鶼鰈情深」、「鷸蚌相爭」、「鳩占鵲巢」、「鴉雀無聲」，所以應填鵝、鳶、鶼、鷸、鳩、鴉，故選(B)。其他選項會造成成語用字錯誤。","TRUE"
"lesson9-第九課-鳥-12","lesson9","第九課 鳥","第九課 鳥","下列語句，何者運用了轉化修辭？","牠不回顧，牠不徘徊，牠像虹似地一下就消逝了","我感覺興味的不是那人的悠閒，卻是那鳥的苦悶","好銳利的喜悅刺上我的心頭","喜鵲不知逃到哪裡去了","C","2","(A)譬喻(B)映襯(D)設問）（8.題幹與(A)七夕，(B)重陽(C)元日(D)端午）（8.題幹與(A)七夕，(B)重陽(C)元日(D)端午","TRUE"
"lesson9-第九課-鳥-13","lesson9","第九課 鳥","第九課 鳥","「我想牠的苦悶，大概是僅次於黏在膠紙上的蒼蠅；牠的快樂，大概是僅優於在標本室裡住著罷？」這段文字的涵義不包含下列何者？","強調籠中鳥的苦悶","表達對鳥的憐愛","感嘆鳥愈來愈少","反諷人類的自私","C","2","題幹文字未有感嘆鳥的數量稀少，故選(C)","TRUE"
"lesson9-第九課-鳥-14","lesson9","第九課 鳥","第九課 鳥","「天色朦朧，東風鼎沸，麻雀啁啾，寒鴉喧噪，喚醒了沉思中的我。」上句中的敘述，哪一個詞語使用不恰當？","天色朦朧","東風鼎沸","麻雀啁啾","寒鴉喧噪","B","1","(B)鼎沸比喻聲勢洶湧或時局動盪不安，像水在鍋裡沸騰一樣。不宜用來形容東風","TRUE"
"lesson9-第九課-鳥-15","lesson9","第九課 鳥","第九課 鳥","下列哪一個選項描述了鳥的靜態柔美？","跳盪得那樣輕靈，腳上像是有彈簧","牠倏地振翅飛去，牠不回顧","抓小雞的鳶鷹，啾啾地叫著","稻田裡佇立著一隻白鷺","D","3","(A)(B)(C)皆包含動態","TRUE"
"lesson9-第九課-鳥-16","lesson9","第九課 鳥","第九課 鳥","下列各選項中的文句，何者最不具色彩美？","有的是飛起來的時候才閃露一下斑斕的花彩","跳盪得那樣輕靈，腳上像是有彈簧","牠像虹似地一下就消逝了","一行白鷺上青天","B","1","(A)斑斕：色彩美(C)虹：色彩美(D)白、青：色彩美","TRUE"
"lesson9-第九課-鳥-17","lesson9","第九課 鳥","第九課 鳥","鳥一文中，下列文句何者充滿了悵惘的心情？","鳶鷹，啾啾地叫著，在天空盤旋","牠像虹似地一下就消逝了","牠高踞枝頭，臨風顧盼","閃露一下斑斕的花彩","B","1","(B)描寫對於美好事物迅速消失的悵惘","TRUE"
"lesson9-第九課-鳥-18","lesson9","第九課 鳥","第九課 鳥","下列和「鳥」有關的成語，何者說明正確？","鳥盡弓藏：比喻天下既定，功臣位居三公","一石二鳥：比喻做事極端，兩敗俱傷","鳥為食亡：比喻人因貪財而死","焚琴煮鶴：比喻珍美的菜肴","C","2","(A)比喻事成之後，有功之人卻遭到殺戮或疏遠的命運(B)比喻做一件事獲得兩種效果(D)比喻極殺風景的事","TRUE"
"lesson9-第九課-鳥-19","lesson9","第九課 鳥","第九課 鳥","下列文句，何者最通順且沒有語病？","我這邊多想變成一隻小鳥，在高空裡快活地飛翔","可愛的小鳥給一全家人的生活，增添了許多樂趣","春風一吹來，小鳥兒果然又成群從南方飛回來了","鳥有時停在枝上，有時在空中張開翅膀展翅高飛","C","2","(A)宜刪「這邊」(B)「一」、「全」擇一刪(D)「張開翅膀」、「展翅」擇一刪","TRUE"
"lesson9-第九課-鳥-20","lesson9","第九課 鳥","第九課 鳥","「夫妻本是同林鳥，大難來時各自飛。」這句諺語和下列哪一句成語所表達的意思相近？","鳩占鵲巢","禽奔獸遁","鶼鰈情深","別鶴孤鸞","D","3","「夫妻本是同林鳥，大難來時各自飛」表示夫妻或伴侶在困難時分離，意義接近「別鶴孤鸞」，指夫妻離散或孤單失偶，故選(D)。(A)指占據他人位置，(B)指驚慌逃竄，(C)指夫妻感情深厚，意思相反。","TRUE"
"lesson9-第九課-鳥-21","lesson9","第九課 鳥","第九課 鳥","下列文句何者是從聽覺方面來描述景物？","跳盪得那樣輕靈，腳上像是有彈簧","黃昏時寒鴉在古木上鼓噪","牠倏地振翅飛去，牠像虹似地一下就消逝了","一行白鷺上青天","B","1","(A)(C)(D)視覺","TRUE"
"lesson9-第九課-鳥-22","lesson9","第九課 鳥","第九課 鳥","「山林中，西風吹拂，蘆葦□□地響著，一群老鷹□□飛過，水澤中群鳥□□價響，飛入蘆叢裡，形成一幅生動的畫面。」缺空處依序宜填入下列何組詞語？","嘩嘩、轉瞬、格格","轆轆、頃刻、嘩嘩","窸窣、倏地、格格","淅瀝、少間、蕭蕭","C","2","(C)「窸窣」表示細微的聲音，適合描述蘆葦響著的聲音；「倏地」表示短暫的時間，適合描述老鷹飛過的瞬間；「格格」則形容鳥鳴叫的聲音，適合描述群鳥的響動","TRUE"
"lesson9-第九課-鳥-23","lesson9","第九課 鳥","第九課 鳥","「客夜聞此，說不出的酸楚！」表達作客他鄉的夜晚，思鄉的情懷，意境與下列何者相近？","前不見古人，後不見來者。念天地之悠悠，獨愴然而涕下","無可奈何花落去，似曾相識燕歸來，小園香徑獨徘徊","出師未捷身先死，長使英雄淚滿襟","不知何處吹蘆管，一夜征人盡望鄉","D","3","題幹的「客夜」與「酸楚」表現人在異鄉夜晚聽聲而生出的思鄉之情，與(D)「不知何處吹蘆管，一夜征人盡望鄉」意境最接近。其他選項分別偏向孤獨感懷、傷春惆悵、英雄未竟之悲。","TRUE"
"lesson9-第九課-鳥-24","lesson9","第九課 鳥","第九課 鳥","「山川阻且遠，別促會日長。願為比翼鳥，施翮起高翔。」（曹植 送應氏詩）此為何種題材的詩？","送別詩","懷古詩","閨怨詩","山水田園詩","A","0","詩句寫山川阻隔、分別後相會日長，又以「願為比翼鳥」表達離別後盼望相聚，因此屬於送別詩，故選(A)。它不是追懷古人古事、閨中怨情或單純描寫山水田園。","TRUE"
"lesson9-第九課-鳥-25","lesson9","第九課 鳥","第九課 鳥","「好像／前生是一個憂傷的君王／變作禽鳥／啼濺了鮮血／尋找春天的精魂」，詩中所提到的禽鳥，最有可能是下列何者？","精衛","慈烏","杜鵑","夜鶯","C","2","相傳周末蜀王杜宇失國而死，其魄化為杜鵑，日夜悲啼 ，淚盡繼以血，哀鳴而終，故由「君王」、「啼濺了鮮血」可知選(C)","TRUE"
"lesson10-第十課-秋之味-小卷-1","lesson10","第十課 秋之味","第十課 秋之味 小卷","下列「 」的字，何者讀音前後相同？","「沁」涼暢快／分「泌」淚水","玫瑰花「蕾」／「擂」鼓吶喊","「抒」發情感／上天賜「予」","呼風「喚」雨／容光「煥」發","D","3","(A)ㄑㄧㄣˋ／ㄇㄧˋ(B)ㄌㄟˇ／ㄌㄟˊ(C)ㄕㄨ／ㄩˇ(D)ㄏㄨㄢˋ","TRUE"
"lesson10-第十課-秋之味-小卷-2","lesson10","第十課 秋之味","第十課 秋之味 小卷","下列「 」中的「尤」字，何者有「特殊的、突出的」之義？","「尤」顯滋味","天生「尤」物","怨天「尤」人","以儆效「尤」","B","1","(A)更加、格外(C)怨恨、責怪(D)過失","TRUE"
"lesson10-第十課-秋之味-小卷-3","lesson10","第十課 秋之味","第十課 秋之味 小卷","下列關於各文句的修辭配對，何者正確？","在飄浮狀態中緩緩滑入冬季，緩緩被寒流喚醒：誇飾","旋即發現蹲在小客廳矮几上的文旦成熟了：譬喻","奈何韶光短促，奈何手邊總有丟不掉的煩雜事：類疊","矮几上的文旦漸漸少了，像用剩的秋日，而煩雜事卻愈堆愈高：層遞","C","2","(A)(B)轉化(D)譬喻兼映襯","TRUE"
"lesson10-第十課-秋之味-小卷-4","lesson10","第十課 秋之味","第十課 秋之味 小卷","下列文句皆使用「心甘情願」造句，何者運用有誤？","我自食其力，又不占他人便宜，自然心甘情願","為了照顧受傷的母親，他心甘情願地半工半讀","她雖然比賽落敗，卻心甘情願接受結果","他心甘情願來當義工，每天辛苦指揮交通","A","0","(A)改成「心安理得」","TRUE"
"lesson10-第十課-秋之味-小卷-5","lesson10","第十課 秋之味","第十課 秋之味 小卷","下列文句，何者有冗言贅字？","老師一再叮嚀我們要準時出席","這棟建築外觀宏偉宏大","小孩因跌倒受傷而嚎啕大哭","他冷靜分析局勢，以做出正確判斷","B","1","(B)「宏偉」、「宏大」擇一刪","TRUE"
"lesson10-第十課-秋之味-小卷-6","lesson10","第十課 秋之味","第十課 秋之味 小卷","「時序入秋，我便開始恍惚。年年這樣，在飄浮狀態中緩緩滑入冬季，緩緩被寒流喚醒。」，依文意推論，下列何者最接近作者此處想表達的意涵？","秋日忙碌繁雜，無法專心完成事情","秋日心境沉靜，容易有懶散的心態","秋日天氣多變，影響日常生活安排","秋日果實豐收，使人心境喜悅充實","B","1","句中「開始恍惚」、「在飄浮狀態中緩緩滑入冬季」，皆描寫作者在秋季容易陷入一種心神不定、沉靜而懶散的狀態，故選(B)","TRUE"
"lesson10-第十課-秋之味-小卷-7","lesson10","第十課 秋之味","第十課 秋之味 小卷","「心極靜極沉，像一只熟得恰好的紅柿，一串黃到巔峰的香蕉，水分飽脹的秋梨」請問此處運用譬喻手法，主要為了凸顯什麼？","秋天果實飽滿，象徵生活富足安逸","秋天色彩鮮明，帶來鮮活明亮的氣息","秋季水果甘甜，暗示生活滋味美滿","秋日心境沉靜，對應各種果物的成熟","D","3","作者以「紅柿、香蕉、秋梨」比喻心境的沉靜與成熟，故選(D)","TRUE"
"lesson10-第十課-秋之味-小卷-8","lesson10","第十課 秋之味","第十課 秋之味 小卷","「很難拒絕蘿蔔那辛辣中的清甜誘惑，生吃尤顯滋味，常常吃著便不由得要感恩。」依文意判斷，下列何者最可能是作者感恩的原因？","感謝時蔬瓜果美味，帶來身心愉悅","感謝鄰居分享果實，生活更便利","感謝秋日風光優美，使人心情開朗","感謝農人辛勤勞作，才有豐富收成","A","0","題幹強調蘿蔔「辛辣中的清甜」與「生吃尤顯滋味」，重點在時蔬本身帶來的味覺享受與生活愉悅，因此選(A)。題目沒有提到鄰居分享、秋日風光或農人勞作。","TRUE"
"lesson10-第十課-秋之味-小卷-9","lesson10","第十課 秋之味","第十課 秋之味 小卷","「矮几上的文旦漸漸少了，像用剩的秋日，而煩雜事卻愈堆愈高。」這句話的言外之意最接近下列何者？","秋日美景將盡，生活重回平凡煩憂","秋天果物減少，飲食滋味隨之單調","秋季時光短暫，生活事務卻日益增加","秋日消逝快速，冬日帶來全新希望","C","2","「文旦漸少」象徵秋日將盡，「煩雜事愈堆」對比秋日短暫美好，故強調時光短促與事務繁多，故選(C)","TRUE"
"lesson10-第十課-秋之味-小卷-10","lesson10","第十課 秋之味","第十課 秋之味 小卷","關於秋之味的寫作手法，下列敘述何者正確？","以議論為主，直陳秋天短暫的無奈","以排比結構，強調秋日生活的煩雜","以對比鋪陳，展現秋冬兩季的差異","以食物滋味、氣味，來表現秋日美好","D","3","作者透過文旦、蔬果等食物的滋味與氣味，抒發秋天帶來的美好感受，故選(D)。(A)本文並非以議論為主，(B)未以排比為主要手法，(C)未以對比為主要手法。","TRUE"
"lesson10-第十課-秋之味-1","lesson10","第十課 秋之味","第十課 秋之味","下列「 」中的形似字，何者讀音前後相同？","「糗」事／「嗅」覺","紅「柿」／充「沛」","飽「脹」／「漲」價","「滋」味／念「茲」在茲","D","3","(A)ㄑㄧㄡˇ／ㄒㄧㄡˋ(B)ㄕˋ／ㄆㄟˋ(C)ㄓㄤˋ／ㄓㄤˇ(D)ㄗ","TRUE"
"lesson10-第十課-秋之味-2","lesson10","第十課 秋之味","第十課 秋之味","下列各選項的「 」字，何者前後讀音相同？","瑜「伽」／「伽」利略","閒「散」生活／「散」步","一「只」戒指／「只」是","賜「予」／「予」取予求","A","0","(A)ㄐㄧㄚ(B)ㄙㄢˇ／ㄙㄢˋ(C)ㄓ／ㄓˇ(D)ㄩˇ／ㄩˊ","TRUE"
"lesson10-第十課-秋之味-3","lesson10","第十課 秋之味","第十課 秋之味","「熟讀□味、耐人□味、人生□味」引號中□的字，依序應為下列何者最恰當？","情、尋、風","玩、尋、況","尋、滋、乏","氣、口、滋","B","1","「熟讀玩味」指仔細閱讀並探索體會其中涵意；「耐人尋味」指意味深遠，讓人反覆尋思體會；「況味」指景況、滋味，故選(B)。","TRUE"
"lesson10-第十課-秋之味-4","lesson10","第十課 秋之味","第十課 秋之味","下列「 」中的詞語，何者和「蘿蔔」一樣皆為聯綿詞？","車禍之後，我便開始上「瑜伽」課來緩解疼痛","外婆醃漬的醬瓜「甘脆」爽口，很適合配稀飯","下課時同學們在樹下「憩息」，享受片刻悠閒","這篇文章措辭「辛辣」，批評時政，毫不保留","A","0","(B)甘美爽口的滋味(C)(D)同義複詞","TRUE"
"lesson10-第十課-秋之味-5","lesson10","第十課 秋之味","第十課 秋之味","以下「 」中的量詞：(甲)一「串」香蕉(乙)一「宗」交易(丙)一「頂」轎子(丁)一「支」塑像(戊)一「起」火。以上哪些量詞使用正確？","甲乙丁戊","乙丙丁戊","甲乙丙","甲丁戊","C","2","(丁)一「尊」塑像(戊)一「團」火","TRUE"
"lesson10-第十課-秋之味-6","lesson10","第十課 秋之味","第十課 秋之味","「西風吹來／她玲瓏的身子降下／霜做的衣衫。然後／她用一隻詩歌的手／挾住東籬／悠然／一片南山。」這首新詩是描寫何種植物？","菊花","蘭花","松樹","楓樹","A","0","(A)由「東籬」、「南山」可知是菊花","TRUE"
"lesson10-第十課-秋之味-7","lesson10","第十課 秋之味","第十課 秋之味","「心極靜極沉，像一只熟得恰好的紅柿，一串黃到巔峰的香蕉，水分飽脹的秋梨。」作者所說這句話，可用下列何者形容？","淡泊名利","坐吃享福","心灰意懶","歲月靜好","D","3","(A)不強求名聲和財利(B)意思是呆板單調地生活，消極、被動地生活，光吃和生長，別的什麼也不做(C)心情失望，意志消沉(D)歲月悠靜而美好","TRUE"
"lesson10-第十課-秋之味-8","lesson10","第十課 秋之味","第十課 秋之味","「常常吃著便不由得要感恩」句中作者「感恩」的心態與下列何者近似？","飲水思源","吃裡扒外","菲食薄衣","簞食壺漿","A","0","(A)比喻不忘本(B)比喻不忠於所屬的團體，反而幫助外人(C)形容生活儉樸(D)軍隊受到人民的擁護與愛戴，紛紛慰勞犒賞","TRUE"
"lesson10-第十課-秋之味-9","lesson10","第十課 秋之味","第十課 秋之味","「沁涼空氣中飄來隱約的熟甜之氣」這句話使用了幾種摹寫？","一種","兩種","三種","四種","B","1","沁涼─觸覺摹寫。熟甜之氣─嗅覺摹寫","TRUE"
"lesson10-第十課-秋之味-10","lesson10","第十課 秋之味","第十課 秋之味","「□，收穫的季節，□□的季節─同春一樣可愛，同□一樣熱情，冬一樣迷人。」上述文句中□依序宜填入下列何選項？","夏、金黃、秋","夏、青綠、秋","秋、金黃、夏","秋、青綠、夏","C","2","由「收穫的季節」可知第一個空格為「秋」；秋天收穫常與「金黃」意象相連；由「熱情」可知第三個空格應為「夏」，故選(C)。","TRUE"
"lesson10-第十課-秋之味-11","lesson10","第十課 秋之味","第十課 秋之味","下列哪一個選項的成語，前後意思相反？","百無一是／一無是處","一事無成／卓有成效","心甘情願／毫不勉強","春花秋月／月下花前","B","1","解析見「二、解釋」旁","TRUE"
"lesson10-第十課-秋之味-12","lesson10","第十課 秋之味","第十課 秋之味","下列選項何者透過品味食物來表現秋天的氣息？","這家有機蔬菜把我的味蕾養刁了","秋天於我往往卻是一事無成的閒散季節","天地間盈滿一種甜的，專屬於秋的成熟氣息","在飄浮狀態中緩緩滑入冬季，緩緩被寒流喚醒","C","2","(C)透過描述食物成熟的氣味來表達秋天的氣息已經到來","TRUE"
"lesson10-第十課-秋之味-13","lesson10","第十課 秋之味","第十課 秋之味","秋之味一文所表達的意義，不包含下列何者？","凸顯秋天有各種美好的事物","透過品味食物來表現異國風情","由食物引發感官體驗，表達對生命的感悟","體會季節變化，珍惜事物以涵養生活美感","B","1","(B)未表現異國風情","TRUE"
"lesson10-第十課-秋之味-14","lesson10","第十課 秋之味","第十課 秋之味","下列與「食物」有關的俗諺，何者說明錯誤？","甘蔗無雙頭甜：說明人不能太貪心","食果子拜樹頭：指人要懂得飲水思源，不可忘本","食菜頭好彩頭：求取吉利的徵兆","薑是老的辣：比喻年長者經驗豐富，辦事老練","A","0","「甘蔗無雙頭甜」比喻事情難以兩全其美，並非只是在說人不能太貪心，因此(A)說明錯誤。","TRUE"
"lesson10-第十課-秋之味-15","lesson10","第十課 秋之味","第十課 秋之味","下列句子中何者有因果關係？","我亦化身秋物，在短暫的秋裡憩息","它們揮發一種青果之味","一年之中就數這個季節天時地利最適合享樂","蘿蔔、蓮藕、馬鈴薯變得更甘脆。切白蘿蔔時忍不住邊切邊吃","D","3","(D)因為蘿蔔、蓮藕、馬鈴薯變得甘脆，所以忍不住邊切邊吃","TRUE"
"lesson10-第十課-秋之味-16","lesson10","第十課 秋之味","第十課 秋之味","「凡物皆有可觀。苟有可觀，皆有可樂，非必怪奇偉麗者也。餔糟啜醨，皆可以醉；果蔬草木，皆可以飽。推此類也，吾安往而不樂？」（蘇軾 超然臺記）根據上文，蘇軾所說的快樂為何？","饔飧不繼","人飢己飢","講究飲食","知足常樂","D","3","(A)三餐不繼。形容生活十分困頓(B)形容為政者應有仁愛、慈悲的胸懷，關懷人民疾苦。【題幹語譯】任何事物都有可觀賞的地方。如有可觀賞的地方，那麼都可使人有快樂，不必一定要是怪異、新奇、雄偉、瑰麗的景觀。吃酒糟、喝薄酒，都可以使人醉，水果蔬菜草木，都可以充飢。以此類推，我到哪兒會不快樂呢？","TRUE"
"lesson10-第十課-秋之味-17","lesson10","第十課 秋之味","第十課 秋之味","「遠上寒山石徑斜，白雲深處有人家。停車坐愛楓林晚，霜葉紅於二月花。」（杜牧 山行）這首詩所寫的內容為下列何者？","深秋山林景色","仲春田園風光","孟夏農家風情","初冬深山景致","A","0","杜牧山行寫寒山、石徑、白雲、楓林與霜葉，尤其「霜葉紅於二月花」明顯描寫深秋楓林景色，故選(A)。仲春、孟夏、初冬都與詩中的霜葉、楓林意象不符。","TRUE"
"lesson10-第十課-秋之味-18","lesson10","第十課 秋之味","第十課 秋之味","下列何者用嗅覺摹寫將靜物表現得活靈活現？","它們揮發一種青果之味，微酸微澀，清香而已。放著放著，酸澀隨著水分蒸發，突然有一天，轉為甜熟之味","心極靜極沉，像一只熟得恰好的紅柿，一串黃到巔峰的香蕉，水分飽脹的秋梨，滿樹棲止的黃葉","一年之中就數這個季節天時地利最適合享樂，奈何韶光短促，奈何手邊總有丟不掉的煩雜事","切白蘿蔔時忍不住邊切邊吃。很難拒絕蘿蔔那辛辣中的清甜誘惑，生吃尤顯滋味","A","0","(A)自嗅覺書寫文旦氣味，由清香轉為甜熟的變化，故選","TRUE"
"lesson10-第十課-秋之味-19","lesson10","第十課 秋之味","第十課 秋之味","「有些評論家說，中國的文人學士，尤其是詩人，都帶著很濃厚的頹廢色彩，所以中國的詩文裡，頌讚秋的文字特別的多。」根據上文，中國文人學士傾向於頌揚秋天的主要原因為何？","中國詩文中缺乏其他季節的描寫","秋天的特色易與文人學士的情感共鳴","文人學士擅於描繪秋天的頹廢色彩","秋天是中國文學中最被推崇的季節","B","1","由「詩人，都帶著很濃厚的頹廢色彩，所以……頌讚秋的文字特別的多」可知詩人亦將情感與秋天連結，故選(B)","TRUE"
"lesson10-第十課-秋之味-20","lesson10","第十課 秋之味","第十課 秋之味","「有時候，我們以為來過這城，卻不曾看見這些真實生活裡的片段場景，不知道吃進嘴巴裡的點心不是食物，是一段故事。不知道冬瓜塊熬煮出來的不是飲料，是一種堅持。不知道紅豆牛奶冰美味的不是甜蜜，是一種記憶。不知道豬肉乾醃製烘烤的不是香氣，是一段傳承。當這些都懂得後，你才發現真相的美麗。」以上這段文字的涵義為何？","富有想像力，可為平凡生活增添樂趣","拋開主觀的成見，方能有不同的體會","用心觀察體會，才能領略事物的旨趣","味覺的口感體驗，有助於使記憶加深","C","2","由「以為來過這城，卻不曾看見這些真實生活裡的片段場景」、「當這些都懂得後，你才發現真相的美麗」可知，是勉人應用心體會，深入了解，才能發現真相之美，故選(C)","TRUE"
"self3-自學選文三-演講-小卷-1","self3","自學選文三 演講","自學選文三 演講 小卷","「有一次我的演講開頭是『今天我要來講一個非常認真而嚴肅的話題，就是你們以後失業該怎麼辦？』聽眾聽到頓時就被吸引了，有了緊迫感和代入感。」根據這段話，下列何者最符合「代入感」的意思？","聽眾無法聽清楚演講重點","聽眾因演講者的幽默感到輕鬆愉快","聽眾因講者聲音洪亮而提升注意力","聽眾能立刻投入並有身臨其境感","D","3","「代入感」的意思為讀者、觀眾或玩家產生一種「自己代替了其中角色」的想法，而有了身臨其境之感，故選(D)","TRUE"
"self3-自學選文三-演講-小卷-2","self3","自學選文三 演講","自學選文三 演講 小卷","「挽救一個糟糕演講內容的唯一方法，就是保持熱情，這種情緒能遮掩大部分的缺陷。」關於這句話的解讀，下列何者正確？","演講內容瑣碎，只要態度謹慎即可","演講必須依賴事先準備的稿件","演講應完全依靠肢體語言取勝","演講技巧再高，也比不上情感投入","D","3","作者指出情感真誠能彌補不足，表達出「熱誠真情勝於技巧」，故選(D)","TRUE"
"self3-自學選文三-演講-小卷-3","self3","自學選文三 演講","自學選文三 演講 小卷","下列文句皆用「發人深省」造句，何者運用正確？","教授的演講內容發人深省，讓在場的聽眾受益良多","這篇旅遊散文文筆不佳，讀來十分發人深省","這場音樂會融合了許多燈光效果，令人發人深省","新品牌設計大膽，讓人覺得發人深省","A","0","應改為(B)索然無味(C)(D)耳目一新","TRUE"
"self3-自學選文三-演講-小卷-4","self3","自學選文三 演講","自學選文三 演講 小卷","下列文句，何者用字最精簡？","這本書非常精彩好看","他每天定時準時到公園運動","雨後的天空萬里無雲，令人心情舒暢","校園的比賽競賽，由學生會主辦","C","2","(A)「精彩」、「好看」擇一刪(B)「定時」、「準時」擇一刪(D)「比賽」、「競賽」擇一刪","TRUE"
"self3-自學選文三-演講-小卷-5","self3","自學選文三 演講","自學選文三 演講 小卷","「所有的技巧都代替不了內容和思想本身─你要表達的觀點永遠凌駕於所有的技巧之上。」有關這句話的解讀，下列何者正確？","只要內容正確，技巧完全不重要","技巧能夠提升效果，但核心仍是思想","思想難以掌握，所以應先練習技巧","技巧是唯一能吸引聽眾的方式","B","1","題幹引文明確說「觀點凌駕技巧」，代表技巧雖重要，但不是根本，思想與內容才是核心，故選(B)","TRUE"
"self3-自學選文三-演講-小卷-6","self3","自學選文三 演講","自學選文三 演講 小卷","「成功的演講，只有百分之七的內容是語言傳遞的，百分之三十八是靠語調、語速等聲音附加的特質傳遞，百分之五十五是靠肢體語言的視覺傳遞」關於這段話的推論，下列何者正確？","演講完全取決於內容是否新穎","演講須兼顧聲音、動作與表情","演講應盡量避免肢體語言干擾","演講主要依靠聲音宏亮來取勝","B","1","題幹指出成功演講不只靠語言內容，還包含語調、語速、肢體語言等表現方式，所以演講要兼顧聲音、動作與表情，故選(B)。","TRUE"
"self3-自學選文三-演講-小卷-7","self3","自學選文三 演講","自學選文三 演講 小卷","下列何者不是作者認為演講中停頓的效果？","是演講大忌要極力避免","講者可以思考想陳述內容","藉由停頓表達重要的觀點","可以讓講者緩解緊張情緒","A","0","(A)作者認為停頓不是問題，整場演講不必讓自己的聲音填滿每一秒鐘","TRUE"
"self3-自學選文三-演講-小卷-8","self3","自學選文三 演講","自學選文三 演講 小卷","「有一次我的演講開頭是『今天我要來講一個非常認真而嚴肅的話題，就是你們以後失業該怎麼辦？』聽眾聽到頓時就被吸引了，有了緊迫感和代入感。」這個例子要凸顯的道理應為下列何者？","演講要以搞笑段子吸引觀眾","演講時要非常嚴肅，才能避免失敗","演講開場若設計巧妙，能抓住觀眾注意力","演講的開頭無關緊要，結尾才是重點","C","2","題幹說明好的開頭能帶來緊迫感與代入感，故選(C)","TRUE"
"self3-自學選文三-演講-小卷-9","self3","自學選文三 演講","自學選文三 演講 小卷","「如果看觀眾的眼睛會令你緊張，那就看觀眾的頭頂—觀眾不會發現的。」請問下列何者最符合本句文意？","演講時可用技巧，降低緊張感","緊張時目光不可以接觸觀眾","演講需要忽略觀眾的存在","緊張時要立即停止演講","A","0","題幹針對與觀眾視線接觸會緊張的狀況，提供「看頭頂」的替代方式，故選(A)","TRUE"
"self3-自學選文三-演講-小卷-10","self3","自學選文三 演講","自學選文三 演講 小卷","關於舌尖上的故事：演講的寫作手法，下列敘述何者正確？","作者大量鋪排詞藻，以文學風格為特色","行文全以理論陳述，缺乏具體例證","文章結合數據說明與案例舉例，使說理更具說服力","全文以抒情描寫為主，較少出現實際建議","C","2","(A)語言質樸，並無華麗詞藻(B)文中有大量例子，非純理論(D)文章偏重「技巧與方法」，非抒情","TRUE"
"self3-自學選文三-演講-1","self3","自學選文三 演講","自學選文三 演講","下列選項「 」中國字的讀音，何者前後相同？","錙銖較「量」／車載斗「量」","「興」師問罪／「興」高采烈","天「乾」物燥／扭轉「乾」坤","司「空」見慣／十室九「空」","D","3","「司空見慣」與「十室九空」的「空」都讀ㄎㄨㄥ，讀音相同，故選(D)。(A)「較量」讀ㄌㄧㄤˋ，「車載斗量」讀ㄌㄧㄤˊ；(B)「興師問罪」讀ㄒㄧㄥ，「興高采烈」讀ㄒㄧㄥˋ；(C)「天乾物燥」讀ㄍㄢ，「扭轉乾坤」讀ㄑㄧㄢˊ。","TRUE"
"self3-自學選文三-演講-2","self3","自學選文三 演講","自學選文三 演講","下列選項「 」中讀音寫成國字後，何者前後相同？","訓「ㄌ一ㄢˋ」有素／老成「ㄌ一ㄢˋ」達","肝「ㄋㄠˇ」塗地／「ㄋㄠˇ」羞成怒","分崩離「ㄒㄧ」／清「ㄒㄧ」可見","錯綜「ㄈㄨˋ」雜／萬劫不「ㄈㄨˋ」","A","0","(A)練(B)腦／惱(C)析／晰(D)複／復）（3.(A)準備／盡、皆，完全的意思(B)緊靠、相鄰(C)立刻、突然／以頭或腳碰觸地面(D)存在／交往、對待）（3.(A)準備／盡、皆，完全的意思(B)緊靠、相鄰(C)立刻、突然／以頭或腳碰觸地面(D)存在／交往、對待）（1.(A)ㄌㄧㄤˋ／ㄌㄧㄤˊ(B)ㄒㄧㄥ／ㄒㄧㄥˋ(C)ㄍㄢ／ㄑ一ㄢˊ(D)ㄎㄨㄥ）（1.(A)ㄌㄧㄤˋ／ㄌㄧㄤˊ(B)ㄒㄧㄥ／ㄒㄧㄥˋ(C)ㄍㄢ／ㄑ一ㄢˊ(D)ㄎㄨㄥ","TRUE"
"self3-自學選文三-演講-3","self3","自學選文三 演講","自學選文三 演講","下列選項「 」中國字的字義，何者前後相同？","有「備」無患／「備」嘗艱辛","「比」肩而行／「比」鄰而居","茅塞「頓」開／捶胸「頓」足","「處」變不驚／和平共「處」","B","1","(A)準備／盡、皆，完全的意思；(B)皆為緊靠、相鄰；(C)立刻、突然／以頭或腳碰觸地面；(D)存在／交往、對待，故選(B)。","TRUE"
"self3-自學選文三-演講-4","self3","自學選文三 演講","自學選文三 演講","下列選項中成語的前後關係，何者與其他三者不同？","瞠目結舌／呆若木雞","異口同聲／莫衷一是","期期艾艾／侃侃而談","信口開河／言之鑿鑿","A","0","文章提醒科技力量龐大，但也可能帶來安全、隱私與社交等隱憂，主旨是人類應謹慎、明智地發展和使用科技，因此選(A)。","TRUE"
"self3-自學選文三-演講-5","self3","自學選文三 演講","自學選文三 演講","下列選項「 」中成語，何者運用最恰當？","他們日夜苦練球技，奪冠的企圖心「不言而喻」","戰亂時，軍隊們在「夾槍帶棒」中，勇敢前進","桌上擺滿了「三緘其口」的佳肴，令人垂涎欲滴","經理針對員工表現一番讚美，讓大家「天花亂墜」","A","0","(A)「不言而喻」指不用說明就能明白，用來形容日夜苦練所展現的奪冠企圖心最恰當。(B)「夾槍帶棒」指言語中暗藏諷刺，(C)「三緘其口」形容說話謹慎或不說話，(D)「天花亂墜」多指說話浮誇不切實際，皆不合語境。","TRUE"
"self3-自學選文三-演講-6","self3","自學選文三 演講","自學選文三 演講","「成功的演講，只有百分之七的內容是語言傳遞的，百分之三十八是靠語調、語速等聲音附加的特質傳遞，百分之五十五是靠肢體語言的視覺傳遞，比如動作、眼神交流等」關於這段文字的解讀，下列何者較不恰當？","一場好的演講成功因素半數來自精準的肢體表達","一場失敗的演講主要原因來自不恰當的肢體語言","一場成功的演講，肢體語言的比重占比勝過語言","一場演講會失敗的可能原因較有可能是肢體不佳","B","1","(B)不能直接歸結主因為肢體語言","TRUE"
"self3-自學選文三-演講-7","self3","自學選文三 演講","自學選文三 演講","下列何者使用了與「只要有信心，只要經過反覆的練習，人人都可以成為優秀的演說家」一句相同的修辭？","朱門酒肉臭，路有凍死骨","蟬噪林逾靜，鳥鳴山更幽","勸君莫惜金縷衣，勸君惜取少年時","桃花潭水深千尺，不及汪倫送我情","C","2","題幹與(C)類疊。(A)(B)(D)映襯","TRUE"
"self3-自學選文三-演講-8","self3","自學選文三 演講","自學選文三 演講","下列選項所使用的修辭，何者與其他三者不同？","不在乎天長地久，只在乎曾經擁有","剃頭店裡有之，裁縫店裡有之，江北船上有之","只因為這是生命中最沉重也是最甜蜜的負荷","創業的人都會自然而然的想到上天；而敗家的人卻無時不想到自己","B","1","(A)(C)(D)映襯(B)排比）（10.(A)說嘴郎中無好藥：比喻喜歡誇口吹噓的人並沒有真本領。宜用「狗嘴裡吐不出象牙」(B)狗嘴裡吐不出象牙：比喻人說話不中聽，說不出好話。宜用「說嘴郎中無好藥」(C)良藥苦口，忠言逆耳：能治病的藥多苦口難嚥，有益於人的諫言多令人不悅。宜用「桃李不言，下自成蹊」，比喻為人真誠篤實，自然能感召人心(D)欲加之罪，何患無辭：指存心誣陷他人，總是可以找到藉口）（10.(A)說嘴郎中無好藥：比喻喜歡誇口吹噓的人並沒有真本領。宜用「狗嘴裡吐不出象牙」(B)狗嘴裡吐不出象牙：比喻人說話不中聽，說不出好話。宜用「說嘴郎中無好藥」(C)良藥苦口，忠言逆耳：能治病的藥多苦口難嚥，有益於人的諫言多令人不悅。宜用「桃李不言，下自成蹊」，比喻為人真誠篤實，自然能感召人心(D)欲加之罪，何患無辭：指存心誣陷他人，總是可以找到藉口","TRUE"
"self3-自學選文三-演講-9","self3","自學選文三 演講","自學選文三 演講","下列何者用字遣詞最恰當？","雖然緊張而發抖，可以試著攥緊拳頭，或扶著講臺","要注意的是，演講效果不在於聲音，而在於真誠","AI取代重複性工作後，人類難道有時間可享受人文藝術的美好","讓觀眾不僅沒有因為人工智能時代的到來而感到恐慌，然而有了期待和想像","B","1","(A)「雖然」宜改成「如果」；(C)「難道」宜改成「終於」；(D)「然而」宜改成「反而」。只有(B)用字遣詞最恰當。","TRUE"
"self3-自學選文三-演講-10","self3","自學選文三 演講","自學選文三 演講","下列選項與「說話」相關的諺語，何者運用最恰當？","他每次開口都是批評，真是「說嘴郎中無好藥」","他不過是「狗嘴裡吐不出象牙」，光說不練，你可千萬別相信他","這間公司工作環境良好，福利優渥，自然吸引人才，充分展現「良藥苦口，忠言逆耳」的風範","他明明沒有錯，但上司為了辭退他，硬是找了一堆罪名，真是「欲加之罪，何患無辭」啊！","D","3","「欲加之罪，何患無辭」意思是想加罪於人，就不愁找不到藉口。選項(D)中上司為辭退員工而硬找罪名，最符合這句諺語的用法。","TRUE"
"self3-自學選文三-演講-11","self3","自學選文三 演講","自學選文三 演講","討論會中，同學們各自分享自己的演說經驗。請問下列何人陳述的演說技巧較值得參考？","大雄：演講到一半若忘詞就直接結束，為自己的表現向觀眾道歉","靜香：演講時滔滔不絕，盡量不停頓，使觀眾感覺自己準備充分","胖虎：演講結尾盡量勿用警句，以免淪為說教，造成反效果","小夫：平時透過錄影方式記錄練習演講的過程，試著自我檢視","D","3","(A)演講一半若忘詞，可直接跳到下面的題目繼續闡述，無須對自己的表現道歉，否則反而會失去自信(B)勿使自己的聲音填滿所有時間，利用停頓能更清晰表達演講重點(C)演講結尾適當使用警句，能發人深省，掀起小高潮","TRUE"
"self3-自學選文三-演講-12","self3","自學選文三 演講","自學選文三 演講","「今天很殘酷，明天更殘酷，後天很美好，但是絕大多數人死在明天晚上，看不到後天的太陽。」這句話主要在強調哪個哲理？","一寸光陰一寸金","萬丈高樓平地起","行百里者半九十","失敗為成功之母","C","2","(C)比喻事情愈接近成功愈困難，勉勵人應再接再厲，以期善始善終。與題幹語意最相似，故選。(A)強調時間寶貴(B)比喻萬事萬物都是從基礎做起，由小到大，由低到高，逐漸發展而成(D)失敗的教訓是成功的基礎","TRUE"
"self3-自學選文三-演講-13","self3","自學選文三 演講","自學選文三 演講","芊芊在演說中提到：「如果肯下苦功，即使資質不如別人，也能累積實力，出類拔萃！」請問此句話的語氣與下列何者相同？","區區小事，何足掛齒","丞相玄機，神鬼莫測","應是母慈重，使爾悲不任","行之苟有恆，久久自芬芳","D","3","題幹與(D)假設。(A)反詰(B)讚美(C)推測","TRUE"
"self3-自學選文三-演講-14","self3","自學選文三 演講","自學選文三 演講","「非語言表達方式是指人的儀表、舉止、語氣、聲調和表情等等」根據這句話，下列哪種情境運用「非語言表達方式」？","妹妹在臺上專注念稿，內容完整","姊姊上臺面帶微笑，氣質非凡","哥哥反覆修改講稿，務求精確","弟弟努力背誦講稿，臺上一字不落","B","1","面帶微笑屬於非語言表達方式，故選(B)","TRUE"
"self3-自學選文三-演講-15","self3","自學選文三 演講","自學選文三 演講","「一個乾淨俐落的開場白至關重要。首先介紹自己是誰，接著說自己的目的是什麼。千萬不要小看這個開頭，很多人演講了半天，你都不知道他演講的目的，也許他講段子很搞笑，會抖各種包袱，但是我敢保證，演講完，你不會記得他的重點是什麼。」這段話強調「好的演講開場白」最重要的是什麼？","幽默感十足","聚焦講題主旨","讓聽眾信服講者","讓聽眾印象深刻","B","1","從「首先介紹自己是誰，接著說自己的目的是什麼」可知開場白的重點在於講述主旨，故選(B)","TRUE"
"self3-自學選文三-演講-16","self3","自學選文三 演講","自學選文三 演講","「有一次我的演講開頭是『今天我要來講一個非常認真而嚴肅的話題，就是你們以後失業該怎麼辦？』聽眾聽到頓時就被吸引了，有了緊迫感和代入感。這比『我覺得人生是各種體驗，我今天的目的是來跟大家分享我的人生體驗』這種訴說方式，更能抓住觀眾的注意力和好奇心，觀眾想不認真聽你說話都不行」根據這段文字，前者訴說方式優於後者的主因為何？","更能表現講者誠意","增強講者的權威性","與聽眾有密切關係","與聽眾建立信任感","C","2","從「聽眾聽到頓時就被吸引了，有了緊迫感和代入感」可知選(C)","TRUE"
"self3-自學選文三-演講-17","self3","自學選文三 演講","自學選文三 演講","「演講是一門藝術，也是一項重要的溝通技巧。好的演講可以激勵人心，傳遞知識，甚至改變觀點。」這段文字強調了演講哪項特質的重要性？","獨創性","影響力","穩定性","多元化","B","1","從「甚至改變觀點」可知選(B)","TRUE"
"self3-自學選文三-演講-18","self3","自學選文三 演講","自學選文三 演講","「演講的成功與否，取決於多方面的因素，包括演講內容、表達技巧、肢體語言以及與聽眾的互動。」一句的解讀，下列何者最恰當？","與聽眾的互動是演講能成功的最關鍵要素","能掌握上述因素之其中一項，演講則能成功","一場演講中，表達技巧比演講內容更重要","肢體語言是演講成功與否的條件之一","D","3","(A)(B)(C)題幹並未將各個因素做排序，而是強調每一個都缺一不可","TRUE"
"self3-自學選文三-演講-19","self3","自學選文三 演講","自學選文三 演講","「講者需要事先規畫好演講的架構，並收集相關的資料，確保準確性和可信度。」一句強調演講包含的哪個重要要素？","內容","規模","口頭表達","肢體動作","A","0","從「收集相關的資料，確保準確性和可信度。」可知選(A)","TRUE"
"self3-自學選文三-演講-20","self3","自學選文三 演講","自學選文三 演講","某研究所作業內容要求為：閱讀某本書籍後，將書籍內容大要製作成投影片並上臺報告閱讀心得，根據上圖內容，這份作業屬於哪種演講類型？","讀稿演講","提綱演講","背誦演講","即興演講","B","1","將大要製作成投影片；即屬於靠幾個重點小抄來演講，故選(B)","TRUE"
"review-總複習1-1","review","總複習","總複習1","下列選項中讀音寫成國字後，何者前後相同？","河清海「一ㄢˋ」／準時赴「一ㄢˋ」","連篇累「ㄉㄨˊ」／窮兵「ㄉㄨˊ」武","「ㄅㄛˊ」取同情／「ㄅㄛˊ」學多聞","瓦釜「ㄌㄟˊ」鳴／大吹大「ㄌㄟˊ」","C","2","(A)晏／宴(B)牘／黷(C)博(D)雷／擂","TRUE"
"review-總複習1-2","review","總複習","總複習1","下列「 」中國字的讀音，何者前後相同？","滿山「遍」野／「遍」體鱗傷","陳腔濫「調」／風「調」雨順","「翹」起尾巴／箇中「翹」楚","予取「予」求／不「予」置評","A","0","(A)ㄅㄧㄢˋ(B)ㄉㄧㄠˋ／ㄊㄧㄠˊ(C)ㄑ一ㄠˋ／ㄑ一ㄠˊ(D)ㄩˊ／ㄩˇ","TRUE"
"review-總複習1-3","review","總複習","總複習1","下列選項中國字的字義，何者前後相同？","摩「頂」放踵／「頂」天立地","尸位「素」餐／「素」不相識","孤陋寡「聞」／博學多「聞」","怨天「尤」人／天生「尤」物","C","2","(A)頭的最上部／以頭承戴(B)空的、平白的／一向的(C)知識 (D)責怪／特殊的","TRUE"
"review-總複習1-4","review","總複習","總複習1","下列選項中成語的前後關係，何者與其他三者不同？","鳥盡弓藏／一飯千金","一石二鳥／一箭雙鵰","驚弓之鳥／吳牛喘月","籠鳥檻猿／池魚籠鳥","A","0","(A)相反(B)(C)(D)相似","TRUE"
"review-總複習1-5","review","總複習","總複習1","下列「 」中成語，何者應用得最恰當？","自從丈夫出海後，妻子便「秋扇見捐」地等他回來","只怕色衰愛弛，「望穿秋水」，郎君早有新人在側","這家公司領先業界的技術讓其他公司「平分秋色」","雖只是小事，卻能「一葉知秋」，反映出許多問題 四、選擇題","D","3","(A)秋扇見捐：比喻女子不再年輕貌美而遭受冷落。宜用「望穿秋水」(B)望穿秋水：表示極度的企盼。宜用「秋扇見捐」(C)平分秋色：形容二者一樣出色，分不出高下。宜用「望塵莫及」）（18.【語譯】吃粗劣的食物，飲自然的泉水，把手臂彎起來當枕頭，快樂就在其中！以不義手段獲得的財富與權勢，對我來說就像是天上的浮雲一樣","TRUE"
"review-總複習1-6","review","總複習","總複習1","下列文句，何者語氣與「何陋之有」一句最相近？","大雨過後，天空難道不會出現彩虹嗎","聰明的你告訴我，為什麼時間不復返","究竟是誰惹怒了甲方，最好趕快自首","他今天竟沒出現，難不成已經辭職了","A","0","(A)與題幹皆是反詰語氣(B)(C)疑問語氣(D)推測語氣","TRUE"
"review-總複習1-7","review","總複習","總複習1","在語文中，把一個詞彙原來的詞性靈活地轉變為其他詞性的修辭，就稱為「轉品」。如「銀亮的頭髮」一詞中的「銀」字，是由名詞轉品為副詞，下列引號中詞語，何者也屬於由名詞轉品為副詞的用法？","高樓「林」立","「雪」花片片","無所「事」事","「雪」恥復國","A","0","(B)名詞轉形容詞(C)(D)名詞轉動詞","TRUE"
"review-總複習1-8","review","總複習","總複習1","下列何者使用了與「好銳利的喜悅刺上我的心頭」一句相同的修辭？","這是壞習慣戰勝我們的好機會","雪花片片飄落，猶如柳絮飛舞","夜空就如深黑色的綢緞，鑲著閃亮寶石","燕子宛如紳士，身著講究的墨色燕尾服","A","0","(A)與題幹皆使用了轉化修辭(B)(C)(D)譬喻","TRUE"
"review-總複習1-9","review","總複習","總複習1","下列引號中詞語所借代的對象說明，何者正確？","棄「黔首」以資敵國→君王","何以解憂？唯有「杜康」→知己","私家收拾，半付「祝融」→監獄","臣本「布衣」，躬耕於南陽→平民","D","3","(A)百姓(B)酒(C)火災","TRUE"
"review-總複習1-10","review","總複習","總複習1","下列哪一句最能應證深藍電腦已與人類幾乎沒有差別？","我竟不自覺地對機器點頭","深藍電腦再度發揮難以置信的棋藝","就像深藍電腦已化身為人形的傢伙在揶揄我","深藍一如他的名字，全身穿著藍色系列的衣服","A","0","(A)從棋王不自覺向深藍電腦點頭表示棋王已在不知不覺中把對方當成人","TRUE"
"review-總複習1-11","review","總複習","總複習1","下列哪一句是深藍的憂鬱的結局，同時也是本文最大的反轉？","電腦即將接管世界了！","這回，深藍簡直不堪一擊","成功了！成功了！機器有了情感！","在我的腦部植入超級計算能力的電腦晶片","C","2","文中原本以為王文燦是為了幫助棋王贏電腦，最後從「成功了！成功了！機器有 了情感！」才揭示王文燦等人在乎的是電腦能否產生人類情感，而根本不在乎棋 賽輸贏","TRUE"
"review-總複習1-12","review","總複習","總複習1","「山不在高，有仙則名；水不在深，有龍則靈」一句的解讀，下列何者最恰當？","以「山、水」比喻朋友","以「仙、龍」暗指自己","以「高」、「深」暗喻陋室之「陋」","說明有才德的人不住在華美的屋子裡","B","1","(A)比喻居室(C)高、深指居室華美，不在高與不在深才指出陋室之陋(D)有才德的人不需要住在華美的屋子 裡一樣可以名聲大噪，但並不等同有才德的人都不會住在華美的屋子裡","TRUE"
"review-總複習1-13","review","總複習","總複習1","劉禹錫在陋室銘中寫下「談笑有鴻儒，往來無白丁」，下列哪句話最能呼應其涵義？","財富不是朋友，而朋友卻是財富","真正的朋友，在你獲得成功的時候，為你高興","朋友加的傷痕，出於真誠；仇敵即使連連親嘴，卻是多餘","如果你想知道某人是什麼樣的人，看他都交什麼樣的朋友就知道","D","3","(D)與題幹皆強調從結交的朋友類型就可得知主人的特質","TRUE"
"review-總複習1-14","review","總複習","總複習1","下列哪一句最可以用來呼應「我感覺興味的不是那人的悠閒，卻是那鳥的苦悶。」一句的心境？","一聲急似一聲，竟是淒絕的哀樂","世界上的生物，沒有比鳥更俊俏的","等到旭日高升，市聲鼎沸，鳥就沉默了，不知到哪裡去了","再令人觸目的就是那些偶然一見的囚在籠裡的小鳥兒了，但是我不忍看","D","3","(D)與題幹皆流露對籠中鳥的同情","TRUE"
"review-總複習1-15","review","總複習","總複習1","「等到旭日高升，市聲鼎沸，鳥就沉默了，不知到哪裡去了」、「在白晝，聽不到鳥鳴，但是看得見鳥的形體」結合這兩句可推知「鳥就沉默了」的主因為何？","人聲過於嘈雜，掩蓋了鳥聲","人類不友善，鳥類只能躲藏","多數的鳥類都是夜行性動物","只在夜間啼叫是鳥類的習性","A","0","從「看得見鳥的形體」可知鳥並未躲藏，從「市聲鼎沸」可推知應是鳥聲被人聲所掩蓋而聽不見了","TRUE"
"review-總複習1-16","review","總複習","總複習1","秋之味一文中，作者稱自己「年年這樣，在飄浮狀態中緩緩滑入冬季」，「飄浮狀態」是指怎樣的心境？","恍惚閒散","沉穩成熟","飄飄欲仙","空虛寂寞","A","0","(A)由「時序入秋，我便開始恍惚。年年這樣，在飄浮狀態中緩緩滑入冬季，緩緩被寒流喚醒。秋收冬藏 ，秋天於我往往卻是一事無成的閒散季節」可知","TRUE"
"review-總複習1-17","review","總複習","總複習1","「全人工智能的發展可能 。它會以不斷增加的速度重新設計自己。受限於緩慢的生物進化的人類無法競爭，並且會被取代。」根據文意脈絡，文中缺空處最適宜填入下列何者？","為人類帶來了便捷","預示著人類的終結","將為環境帶來浩劫","說明了人類的貪婪","B","1","從「人類無法競爭，並且會被取代」可知","TRUE"
"review-總複習1-18","review","總複習","總複習1","「飯疏食、飲水，曲肱而枕之，樂亦在其中矣！不義而富且貴，於我如浮雲。」所闡述的價值觀與下列何者最相近？","吃人一口，還人一斗","蓬生麻中，不扶自直","君子愛財，取之有道","失之東隅，收之桑榆","C","2","從「不義而富且貴」可知不正當手段取得財富是不被君子 認同，故與(C)最相近。【語譯】見一、注音與國字右側","TRUE"
"review-總複習1-19","review","總複習","總複習1","李安用三道中菜形容他的三部電影：「第一部推手比較像廣東菜，清蒸鱸魚。味道還不太曉得，就原汁原味的……。第二部喜宴好像是四川菜，豆瓣魚。味道比較重一點，很容易入口。第三部飲食男女，我覺得比較像江浙的菜，像紅燒鯽魚。燉的時間比較久一點，烹調的方式、回味的滋味也比較講究一點。」根據以上內容，下列解讀何者最恰當？","喜宴與飲食男女兩部電影的成本相同","紅燒鯽魚的味道受重口味饕客的喜愛","李安自認直到第三部，才開始有能力多加講究","李安用清蒸鱸魚形容推手，並評價為「可口」","C","2","(A)無法明確得知，且從第三部的講究程度可推知應該是第三部成本較高(B)只知紅燒鯽魚的口味較講究，無法明確得知口味輕重(D)評價為原汁原味","TRUE"
"review-總複習1-20","review","總複習","總複習1","根據右圖，下列何人的說法最恰當？","爸爸：文鳥破壞力太強，我們家不能養","媽媽：文鳥太吵了，還是換養別種鳥吧","哥哥：文鳥依外型特徵，又分很多種耶","妹妹：文鳥壽命太短，又不能陪我長大","C","2","(A)破壞力兩顆星不屬於很強(B)音量只有兩顆星不屬於很吵的鳥類(C)從右下角可知(D)文鳥壽命有5-10年，有可能陪妹妹長大","TRUE"
"review-總複習1-21","review","總複習","總複習1","「秋收冬藏，秋天於我往往卻是一事無成的閒散季節……剛來臺灣時不很明白，為什麼單只秋季如此？馬來西亞四季如夏，我的情緒從未因季節的牽引而波動。」根據上文，下列敘述何者正確？","馬來西亞沒有秋天的氣息，使作者在秋季多愁善感","作者懷念四季如夏的馬來西亞，故難以在秋季放鬆","作者習慣馬來西亞四季如夏的生活，無法適應秋季","臺灣的季節變化比馬來西亞明顯，能閒散度過秋季","D","3","(D)由「秋天於我往往卻是一事無成的閒散季節」、「馬來西亞四季如夏，我的情緒從未因季節的牽引而波動」可知","TRUE"
"review-總複習1-22","review","總複習","總複習1","「沁涼空氣中飄來隱約的熟甜之氣。嗅聞一陣，旋即發現蹲在小客廳矮几上的文旦成熟了……起先，它們揮發一種青果之味，微酸微澀，清香而已。放著放著，酸澀隨著水分蒸發，突然有一天，轉為甜熟之味。」根據上文，下列解讀何者較不恰當？","藉文旦氣味覺察秋天的到來","文旦的氣味由清香轉為甜熟","將秋天滋味定調為「甜熟」","透過味覺來書寫文旦的變化","D","3","(D)應是嗅覺","TRUE"
"review-總複習2-1","review","總複習","總複習2","下列選項中讀音寫成國字後，何者前後相同？","「ㄩˊ」時不候／至死不「ㄩˊ」","「ㄖㄨˊ」子可教／耳「ㄖㄨˊ」目染","眼花「ㄌ一ㄠˊ」亂／聲音「ㄌ一ㄠˊ」亮","「ㄏㄨㄤˇ」然大悟／「ㄏㄨㄤˇ」若隔世","D","3","(A)逾／渝(B)孺／濡(C)撩／嘹(D)恍","TRUE"
"review-總複習2-2","review","總複習","總複習2","下列「 」中國字的讀音，何者前後相同？","略「勝」一籌／美不「勝」收","「葛」氏宗祠／杯「葛」異己","「興」高采烈／「興」師問罪","一盤「散」沙／閒「散」人員","D","3","(A)ㄕㄥˋ／ㄕㄥ(B)ㄍㄜˇ／ㄍㄜˊ(C)ㄒㄧㄥˋ／ㄒㄧㄥ(D)ㄙㄢˇ","TRUE"
"review-總複習2-3","review","總複習","總複習2","下列選項中國字的字義，何者前後相同？","層出不「窮」／「窮」鄉僻壤","自以為「是」／積非成「是」","滔滔不「絕」／「絕」無僅有","實況「轉」播／「轉」敗為勝","B","1","(A)盡、止／荒僻、偏遠(B)正確(C)停止／必定(D)間接傳送／ 改變","TRUE"
"review-總複習2-4","review","總複習","總複習2","下列選項中成語的前後關係，何者與其他三者不同？","風流才子／慘綠少年","高山景行／懷瑾握瑜","家徒四壁／甕牖繩樞","靡靡之音／暮鼓晨鐘","D","3","(A)(B)(C)相似(D)相反","TRUE"
"review-總複習2-5","review","總複習","總複習2","下列「 」中字詞，何者是指實際上的顏色？","青紅「皂」白","篳路「藍」縷","「藍」田出玉","「綠」肥紅瘦","A","0","(A)黑色(B)藍縷：敝衣(C)藍田：地名(D)借代葉子","TRUE"
"review-總複習2-6","review","總複習","總複習2","下列何者與「談笑有鴻儒，往來無白丁」一句使用相同的修辭手法？","公說公有理，婆說婆有理","得意莫歡欣，失意莫苦惱","海內存知己，天涯若比鄰","威武不能屈，貧賤不能移","B","1","題幹與(B)皆使用映襯修辭(A)(D)類疊(C)譬喻","TRUE"
"review-總複習2-7","review","總複習","總複習2","下列文句，何者語氣與「成功了！成功了！機器有了情感！」一句最相近？","哇！這場比賽太精彩了！","我等不及要看那部新電影了！","耶！我考上心目中的第一志願了！","天哪！我最好的朋友這次考了全校第一名！","C","2","(A)讚嘆(B)期待(C)與題幹皆是歡呼語氣(D)驚訝","TRUE"
"review-總複習2-8","review","總複習","總複習2","「叢林中潮氣未收，又溼又熱，蟲類唧唧地叫著，再加上蛙聲閣閣，整個山窪子像一只大鍋，那月亮便是一團藍陰陰的火，緩緩的煮著它，鍋裡水沸了，咕嘟咕嘟的響。」下列何者並未使用與上述文字相同的摹寫修辭？","吹著涼風浴暖陽","全身穿著藍色系列的衣服","它們揮發一種青果之味，微酸微澀","有的只是一個聲音，圓潤而不覺其單調","C","2","(C)嗅覺；(A)與「又溼又熱」同為觸覺(B)與「那月亮便是一團藍陰陰的火」同為視覺(D)與「蟲類唧唧地叫著，再加上蛙聲閣閣」、「咕嘟 咕嘟的響」同為聽覺","TRUE"
"review-總複習2-9","review","總複習","總複習2","關於銘體的說明，下列何者較不恰當？","屬於應用文體的一種","必然須刻於某種器物上","多用於歌頌功德或警戒自勉","因原鑄刻在青銅器上而得名","B","1","(B)後逐漸發展為一種獨立的文體，不一定要刻於物體上","TRUE"
"review-總複習2-10","review","總複習","總複習2","深藍的憂鬱一文中，深藍電腦對棋王說：「我應該比你更像人類唷」是指哪一方面而言？","外貌","情感","智慧","棋藝","B","1","從「這回，深藍簡直不堪一擊，一敗塗地，而且，大聲哭起來……」可知，深藍所指的是自己已具有情感反應，因此選(B)。","TRUE"
"review-總複習2-11","review","總複習","總複習2","深藍的憂鬱一文中，以「成功了！成功了！機器有了情感！」一句作結，呼應了前文中的哪一句？","電腦即將接管世界了！人類的智慧還有用嗎？","深藍電腦已經進步到有著人類形體的外貌和四肢","深藍禮貌地對我鞠躬，我竟不自覺地對機器點頭","機器人產生心靈的奧祕，是科學家一直窮追不捨努力想解開的千古之謎","D","3","(D)與題幹皆強調文中科學家最想努力了解的就是機器人是否能有情感","TRUE"
"review-總複習2-12","review","總複習","總複習2","「南陽諸葛廬，西蜀子雲亭」一句中，劉禹錫將諸葛亮與揚雄相提並論的主因是什麼？","兩者在得志前皆有過居處陋室的經歷","兩者皆在軍事統籌領域有很好的成績","兩者皆是舉世公認機智過人的代表人物","藉揚雄反襯諸葛亮，以強調才華的重要","A","0","陋室銘舉兩人的原因在於兩人曾經 的居所都很簡陋，但都是有才且大展鴻圖的人，藉此暗示自己也在靜待時機，以期一展抱負","TRUE"
"review-總複習2-13","review","總複習","總複習2","陋室銘一文中以下列哪一句貫串全文？","惟吾德馨","山不在高","往來無白丁","無案牘之勞形","A","0","全文強調雖居於陋室，但自身品德良好可使陋室不陋","TRUE"
"review-總複習2-14","review","總複習","總複習2","「不知有多少個春天的早晨，這樣的鳥聲把我從夢境喚起」一句的意境與下列何者最相近？","感時花濺淚，恨別鳥驚心","千山鳥飛絕，萬徑人蹤滅","春眠不覺曉，處處聞啼鳥","蟬噪林愈靜，鳥鳴山更幽","C","2","【語譯】(A)感傷國事，不禁涕淚四濺，鳥鳴驚心，徒增離愁別恨(B)所有的山，飛鳥全都斷絕；所有的路，不見人影蹤跡(C)春日裡貪睡不知不覺天已破曉，攪亂我酣眠的是那啁啾的小鳥(D)蟬聲高唱，樹林卻顯得格外寧靜；鳥鳴聲聲，深山裡倒比往常更清幽","TRUE"
"review-總複習2-15","review","總複習","總複習2","下列哪一句最可以作為「我愛鳥」的支持證據？","我開始欣賞鳥，是在四川","世界上的生物，沒有比鳥更俊俏的","不是吱吱喳喳的麻雀，不是呱呱噪啼的烏鴉","牠像虹似地一下就消逝了，牠留下的是無限的迷惘","B","1","(B)本句用俊俏形容鳥可知作者把鳥視為與人一樣，且對其表示高度讚嘆","TRUE"
"review-總複習2-16","review","總複習","總複習2","「矮几上的文旦漸漸少了，像用剩的秋日，而煩雜事卻愈堆愈高」一句中，作者以文旦的減少象徵什麼？","童年回憶","繁雜事多","秋季將盡","母親的愛","C","2","(C)從「像用剩的秋日」可知","TRUE"
"review-總複習2-17","review","總複習","總複習2","「心極靜極沉，像一只熟得恰好的紅柿，一串黃到巔峰的香蕉，水分飽脹的秋梨，滿樹棲止的黃葉」一句的相關說明，下列何者最恰當？","以成熟水果、黃葉比喻作者的穩重個性","點明了季節又為下文的秋之味埋下伏筆","藉由映襯手法來反襯作者極沉靜的心境","流露作者對秋日美好由衷的喜歡與讚嘆","B","1","(A)比喻自己沉靜的心境(C)並未使用映襯手法(D)無法看出","TRUE"
"review-總複習2-18","review","總複習","總複習2","「電腦能幫我們輕鬆完成許多事，只不過大部分這些透過電腦得以輕鬆完成的事，本來就不是非做不可的。」對於上文的解讀，下列何者最恰當？","科技始終來自於人性","人類比電腦更精通於做事","許多生活瑣事都可以交給電腦完成","人生中最重要的事是電腦無法代勞的","D","3","(D)從「透過電腦得以輕鬆完成的事本來就不是非做不可的」可知","TRUE"
"review-總複習2-19","review","總複習","總複習2","「王濬樓船下益州，金陵王氣黯然收。千尋鐵鎖沉江底，一片降旛出石頭。人世幾回傷往事，山形依舊枕寒流。今逢四海為家日，故壘蕭蕭蘆荻秋。」一詩的主題為何？","物是人非","懷才不遇","思念故鄉","藉古諷今","A","0","(A)從「人世幾回傷往事，山形依舊枕寒流」可知。【語譯】晉武帝討 伐孫吳時，派大將王濬率領船艦從益州一路東下，金陵城中的帝王氣象，一下子就黯淡失色。儘管孫吳的人用八千尺的鐵鎖橫擋在江面，想阻擋晉國的戰船前進，鐵鎖還是被火燒熔，沉到江底。 吳王孫皓只好豎起降旗，帶領著百官，走出石頭城。人事 的變化難以捉摸，許多往事回憶起來，只是讓人傷感罷了。不變的是西塞山，他看著人間歷經滄桑興亡，仍然橫靠著寒冷的江水矗立。而今四海一家，天下歸於一統，只剩下秋天的蘆葦陪伴著那些早已荒廢的舊堡壘了","TRUE"
"review-總複習2-20","review","總複習","總複習2","「一次，梁實秋與親友到餐廳歡宴，席間酒菜齊全，唯獨白飯久等不來，經再三催促後仍不見蹤影，眾人皆已垮下臉來，氣氛十分凝重。於是等女服務生再度上菜之際，梁實秋開玩笑地問：『怎麼飯還不來？是不是稻子還沒收割？』女服務生連眼都沒眨一下，回應：『還沒插秧呢！』這一妙問一妙答頓時化舉座不快為歡娛。」根據這段文字內容，最可以看出梁實秋的哪項特質？","溫和有禮，委婉暗示不滿","快人快語，說話直爽乾脆","情緒穩定，以幽默化解矛盾","仗義執言，為眾人打抱不平","C","2","(C)從眾人情緒已不好而梁實秋仍可以開玩笑並化解眾人的不悅可知","TRUE"
"review-總複習2-21","review","總複習","總複習2","「真正危險的不是電腦開始像人類那樣去思考，而是人類開始像電腦一樣思考。」一句並未點出哪種思維是危險的？","制式","僵化","功利","夢幻","D","3","人類與機器的區別在於情感與創意，故(A)(B)(C)較屬於電腦方式的思考","TRUE"
"review-總複習2-22","review","總複習","總複習2","根據上圖內容，秋天最可能普遍給人怎樣的感覺？","令人善感而引發思人之情","浪漫多情而令人感到溫暖","孤單寂寞而令人沉溺悲傷","閒散舒適而引發淡泊之心","A","0","由圖中五首歌所節錄的歌詞，可找出共通性為秋天常引發思念與感傷，因此選(A)。","TRUE"
"review-總複習2-23","review","總複習","總複習2","「夏天易爛的葉菜類存放時間變長了，根莖類如蘿蔔、蓮藕、馬鈴薯變得更甘脆。切白蘿蔔時忍不住邊切邊吃。很難拒絕蘿蔔那辛辣中的清甜誘惑，生吃尤顯滋味，常常吃著便不由得要感恩。」根據上文，作者並未用下列何者描述秋之味？","蓮藕","蘿蔔","葉菜類","馬鈴薯","C","2","(C)「存放時間變長了」不屬於味道的敘寫","TRUE"
"review-總複習2-24","review","總複習","總複習2","「矮几上的文旦漸漸少了，像用剩的秋日，而煩雜事卻愈堆愈高。時序立冬，最後一個屬於秋的節氣終於過完，我卻仍然眷戀著愉悅感官的，甜美的秋天況味。」根據上文，作者提及「煩雜事」對於表達喜愛之情有何功能？","再煩雜的事終將會因為秋天的結束而找到解決辦法","以煩雜事比喻所剩的秋日，感嘆秋天如同曇花一現","感嘆美好的秋天終將結束，生活只剩無盡的煩雜事","凸顯作者即便深陷在煩雜事中，也不忽略秋日之美","D","3","(D)從「我卻仍然眷戀著愉悅感官的，甜美的秋天況味」可推知","TRUE"